rank,video_id,creator,views,likes,comments,saves,reposts,engagement_rate,score,upload_date,ai_phan_tich_tong_the,hook_analysis,viral_mechanics,buyer_psychology,winning_formula,top_buying_intent_questions,top_customer_objections,comments_analyzed_count,url,caption
1,7183075727011482923,amazonhome,1100000,40100,101,11700,5038,0.051763,80.71,2022-12-31,"[ĐÁNH GIÁ NGÁCH]: Cạnh tranh cao với 77 video, nhưng thị trường nóng (19.8M views) nhờ xu hướng trang trí nội thất. Cơ hội cho brand mới là giải quyết nỗi sợ 'plastic' bằng chất liệu thực tế và tạo trải nghiệm setup độc đáo. | [CHIẾN LƯỢC VIDEO #1]: Step-by-step unboxing/crafting -> satisfying reveal -> cost breakdown vs commercial alternatives. | [TÂM LÝ KHÁCH]: Taps into pride of home improvement and cost-saving ingenuity; viewers trust creators who build with their hands. (Khán giả phản hồi thực tế: Phân tích từ 78 bình luận thực tế: 19.2% người xem có ý định mua (hỏi link, hỏi chậu, hỏi giá). 11.5% có thắc mắc/nghi ngại về độ chân thực hoặc kích thước.)",DIY Craftsmanship / Process Hook: Opening with 'How to style a faux olive tree? @Veronica DeJesus  has got answers 🫒 #amazo...' to capture viewer attention within 3 seconds.,"Driven by 1,100,000 views and 11,700 saves (101 comments) due to high shareability and home decor reference value. | Ý định mua trong comment: 'Is there a link for the tree?, me comparten el link de el olivo .. porfa, Where is the planter from 🥰' & Rào cản/lo lắng: 'Fake plants/tree = tacky, Please you @amazonhome send too much boxes and sometimes unnecessary'","Taps into pride of home improvement and cost-saving ingenuity; viewers trust creators who build with their hands. (Khán giả phản hồi thực tế: Phân tích từ 78 bình luận thực tế: 19.2% người xem có ý định mua (hỏi link, hỏi chậu, hỏi giá). 11.5% có thắc mắc/nghi ngại về độ chân thực hoặc kích thước.)",Step-by-step unboxing/crafting -> satisfying reveal -> cost breakdown vs commercial alternatives.,Is there a link for the tree?; me comparten el link de el olivo .. porfa; Where is the planter from 🥰; Where did you buy the plant please?,Fake plants/tree = tacky; Please you @amazonhome send too much boxes and sometimes unnecessary; Don’t forget to pretend water your fake plants. Rip Mitch,78,https://www.tiktok.com/@amazonhome/video/7183075727011482923,How to style a faux olive tree? @Veronica DeJesus  has got answers 🫒 #amazonfinds #amazondecor #olivetree 
2,7556733559751363895,markykee0,715500,17400,76,11573,4687,0.04715,74.06,2025-10-03,"[ĐÁNH GIÁ NGÁCH]: Cạnh tranh cao với 77 video, nhưng thị trường nóng (19.8M views) nhờ xu hướng trang trí nội thất. Cơ hội cho brand mới là giải quyết nỗi sợ 'plastic' bằng chất liệu thực tế và tạo trải nghiệm setup độc đáo. | [CHIẾN LƯỢC VIDEO #2]: Curiosity question ('You won't believe this price') -> visual texture zoom -> room transformation -> bio link CTA. | [TÂM LÝ KHÁCH]: Immediate fear of missing out (FOMO) and pleasure of discovering high-end luxury at a discount price. (Khán giả phản hồi thực tế: Phân tích từ 52 bình luận thực tế: 28.8% người xem có ý định mua (hỏi link, hỏi chậu, hỏi giá). 0.0% có thắc mắc/nghi ngại về độ chân thực hoặc kích thước.)",Bargain Discovery / Smart Shopper Hook: Opening with 'Lighting makes all the difference. This tiny Amazon spotlight turned my fau...' to capture viewer attention within 3 seconds.,"Driven by 715,500 views and 11,573 saves (76 comments) due to high shareability and home decor reference value. | Ý định mua trong comment: 'How much of the moss did you buy? It’s selected “no size” on your storefront! Totally copying your exact setup😂💘, How much moss did you need to fill the flower pot?, Planter from where?'","Immediate fear of missing out (FOMO) and pleasure of discovering high-end luxury at a discount price. (Khán giả phản hồi thực tế: Phân tích từ 52 bình luận thực tế: 28.8% người xem có ý định mua (hỏi link, hỏi chậu, hỏi giá). 0.0% có thắc mắc/nghi ngại về độ chân thực hoặc kích thước.)",Curiosity question ('You won't believe this price') -> visual texture zoom -> room transformation -> bio link CTA.,How much of the moss did you buy? It’s selected “no size” on your storefront! Totally copying your exact setup😂💘; How much moss did you need to fill the flower pot?; Planter from where?; How tall is your tree,,52,https://www.tiktok.com/@markykee0/video/7556733559751363895,"Lighting makes all the difference. This tiny Amazon spotlight turned my faux olive tree into the coziest little moment in our living room 🤍 An easy, affordable update that makes your home feel so much more elevated and cozy. Linked on my Amazon storefront. @Amazon Home #amazonhomefinds #amazonhome #olivetree #amazonmusthaves #livingroomdecor "
3,7524498344824098061,the.baptiste.shop,173900,4751,613,1855,726,0.045687,73.05,2025-07-13,"[ĐÁNH GIÁ NGÁCH]: Cạnh tranh cao với 77 video, nhưng thị trường nóng (19.8M views) nhờ xu hướng trang trí nội thất. Cơ hội cho brand mới là giải quyết nỗi sợ 'plastic' bằng chất liệu thực tế và tạo trải nghiệm setup độc đáo. | [CHIẾN LƯỢC VIDEO #3]: Step-by-step unboxing/crafting -> satisfying reveal -> cost breakdown vs commercial alternatives. | [TÂM LÝ KHÁCH]: Taps into pride of home improvement and cost-saving ingenuity; viewers trust creators who build with their hands. (Khán giả phản hồi thực tế: Phân tích từ 331 bình luận thực tế: 4.5% người xem có ý định mua (hỏi link, hỏi chậu, hỏi giá). 0.0% có thắc mắc/nghi ngại về độ chân thực hoặc kích thước.)","DIY Craftsmanship / Process Hook: Opening with 'Amazon Home Decor | Tall faux tree upgrade Comment ""TREE"" for the product l...' to capture viewer attention within 3 seconds.","Driven by 173,900 views and 1,855 saves (613 comments) due to high shareability and home decor reference value. | Ý định mua trong comment: 'Link for tree please, Can you please share the link with me….🙏🏻🙏🏻🙏🏻, I wanna know where you got that pot from that the tree is in , that is beautiful!!'","Taps into pride of home improvement and cost-saving ingenuity; viewers trust creators who build with their hands. (Khán giả phản hồi thực tế: Phân tích từ 331 bình luận thực tế: 4.5% người xem có ý định mua (hỏi link, hỏi chậu, hỏi giá). 0.0% có thắc mắc/nghi ngại về độ chân thực hoặc kích thước.)",Step-by-step unboxing/crafting -> satisfying reveal -> cost breakdown vs commercial alternatives.,"Link for tree please; Can you please share the link with me….🙏🏻🙏🏻🙏🏻; I wanna know where you got that pot from that the tree is in , that is beautiful!!; What size is that tree",,331,https://www.tiktok.com/@the.baptiste.shop/video/7524498344824098061,"Amazon Home Decor | Tall faux tree upgrade Comment ""TREE"" for the product link 🌿🔗 or visit my Storefront- Home Decor This video is being shared for promotional purposes or to help others. Original owner of this video belongs to Curated Haus -faux olive tree, tall artificial tree, silk indoor plant, Amazon room decor, statement greenery   #TikTokMadeMeBuyIt #FauxOliveTree #AmazonHomeDecor #TheBaptisteShop #DesignerLookForLess #Tree #HomeAesthetic #artificialplant #homedecor #green #planter #olivetree #fauxtree #renterfriendly #apartment #amazonfavorites #amazonfinds"
4,7402756309759593759,markykee0,428600,4729,98,3721,1815,0.024179,69.27,2024-08-14,"[ĐÁNH GIÁ NGÁCH]: Cạnh tranh cao với 77 video, nhưng thị trường nóng (19.8M views) nhờ xu hướng trang trí nội thất. Cơ hội cho brand mới là giải quyết nỗi sợ 'plastic' bằng chất liệu thực tế và tạo trải nghiệm setup độc đáo. | [CHIẾN LƯỢC VIDEO #4]: Curiosity question ('You won't believe this price') -> visual texture zoom -> room transformation -> bio link CTA. | [TÂM LÝ KHÁCH]: Immediate fear of missing out (FOMO) and pleasure of discovering high-end luxury at a discount price. (Khán giả phản hồi thực tế: Phân tích từ 72 bình luận thực tế: 20.8% người xem có ý định mua (hỏi link, hỏi chậu, hỏi giá). 1.4% có thắc mắc/nghi ngại về độ chân thực hoặc kích thước.)",Bargain Discovery / Smart Shopper Hook: Opening with 'Setting up the perfect 7ft olive tree. 🫒Both the olive tree and a planter a...' to capture viewer attention within 3 seconds.,"Driven by 428,600 views and 3,721 saves (98 comments) due to high shareability and home decor reference value. | Ý định mua trong comment: 'Where did you get the pot?, Which one is? You have 2 on your store front, Beautiful! Is your planter 14”W or 18”W?' & Rào cản/lo lắng: 'Plastic? No way'","Immediate fear of missing out (FOMO) and pleasure of discovering high-end luxury at a discount price. (Khán giả phản hồi thực tế: Phân tích từ 72 bình luận thực tế: 20.8% người xem có ý định mua (hỏi link, hỏi chậu, hỏi giá). 1.4% có thắc mắc/nghi ngại về độ chân thực hoặc kích thước.)",Curiosity question ('You won't believe this price') -> visual texture zoom -> room transformation -> bio link CTA.,"Where did you get the pot?; Which one is? You have 2 on your store front; Beautiful! Is your planter 14”W or 18”W?; Hi, where did you buy the vase? Grazie",Plastic? No way,72,https://www.tiktok.com/@markykee0/video/7402756309759593759,Setting up the perfect 7ft olive tree. 🫒Both the olive tree and a planter are linked on my store front 🫶🏼 #olivetree #fauxolivetree #amazonhome #amazonfinds2024 #amazonolivetree @Amazon Home 
5,7617288666129485076,mommymoniqueph,554100,4792,119,3281,1759,0.017959,67.18,2026-03-15,"[ĐÁNH GIÁ NGÁCH]: Cạnh tranh cao với 77 video, nhưng thị trường nóng (19.8M views) nhờ xu hướng trang trí nội thất. Cơ hội cho brand mới là giải quyết nỗi sợ 'plastic' bằng chất liệu thực tế và tạo trải nghiệm setup độc đáo. | [CHIẾN LƯỢC VIDEO #5]: Natural lifestyle framing -> problem resolution -> seamless product showcase. | [TÂM LÝ KHÁCH]: Emotional connection to cozy living, relieving maintenance anxiety (no watering, no dying plants). (Khán giả phản hồi thực tế: Phân tích từ 82 bình luận thực tế: 18.3% người xem có ý định mua (hỏi link, hỏi chậu, hỏi giá). 0.0% có thắc mắc/nghi ngại về độ chân thực hoặc kích thước.)",Curiosity / Lifestyle Context Hook: Opening with 'Instantly elevates our living room!🫒✨  #olivetree #artificialplant #homedec...' to capture viewer attention within 3 seconds.,"Driven by 554,100 views and 3,281 saves (119 comments) due to high shareability and home decor reference value. | Ý định mua trong comment: 'Mommy where’s the plant spotlight from? 🥹, Link ng pin light sa plant po. Thank you!, where did you get your sofa?'","Emotional connection to cozy living, relieving maintenance anxiety (no watering, no dying plants). (Khán giả phản hồi thực tế: Phân tích từ 82 bình luận thực tế: 18.3% người xem có ý định mua (hỏi link, hỏi chậu, hỏi giá). 0.0% có thắc mắc/nghi ngại về độ chân thực hoặc kích thước.)",Natural lifestyle framing -> problem resolution -> seamless product showcase.,Mommy where’s the plant spotlight from? 🥹; Link ng pin light sa plant po. Thank you!; where did you get your sofa?; ano pong height ng olive tree?,,82,https://www.tiktok.com/@mommymoniqueph/video/7617288666129485076,Instantly elevates our living room!🫒✨  #olivetree #artificialplant #homedecor #homestyling #homeinterior 
6,7334607067321224454,dianne.pingul,502400,5850,85,2711,707,0.018617,64.45,2024-02-12,"[ĐÁNH GIÁ NGÁCH]: Cạnh tranh cao với 77 video, nhưng thị trường nóng (19.8M views) nhờ xu hướng trang trí nội thất. Cơ hội cho brand mới là giải quyết nỗi sợ 'plastic' bằng chất liệu thực tế và tạo trải nghiệm setup độc đáo. | [CHIẾN LƯỢC VIDEO #6]: Curiosity question ('You won't believe this price') -> visual texture zoom -> room transformation -> bio link CTA. | [TÂM LÝ KHÁCH]: Immediate fear of missing out (FOMO) and pleasure of discovering high-end luxury at a discount price. (Khán giả phản hồi thực tế: Phân tích từ 55 bình luận thực tế: 25.5% người xem có ý định mua (hỏi link, hỏi chậu, hỏi giá). 1.8% có thắc mắc/nghi ngại về độ chân thực hoặc kích thước.)","Bargain Discovery / Smart Shopper Hook: Opening with 'What a beauty! 🥰 Hands down, one of my best shopee finds 🌟 #fauxplants #fak...' to capture viewer attention within 3 seconds.","Driven by 502,400 views and 2,711 saves (85 comments) due to high shareability and home decor reference value. | Ý định mua trong comment: 'Anong size kinuha mo dearest? :) thanks!, Where to buy those vase?, Link po sa plant :)' & Rào cản/lo lắng: 'where to buy this plastic pot'","Immediate fear of missing out (FOMO) and pleasure of discovering high-end luxury at a discount price. (Khán giả phản hồi thực tế: Phân tích từ 55 bình luận thực tế: 25.5% người xem có ý định mua (hỏi link, hỏi chậu, hỏi giá). 1.8% có thắc mắc/nghi ngại về độ chân thực hoặc kích thước.)",Curiosity question ('You won't believe this price') -> visual texture zoom -> room transformation -> bio link CTA.,Anong size kinuha mo dearest? :) thanks!; Where to buy those vase?; Link po sa plant :); where to buy this plastic pot,where to buy this plastic pot,55,https://www.tiktok.com/@dianne.pingul/video/7334607067321224454,"What a beauty! 🥰 Hands down, one of my best shopee finds 🌟 #fauxplants #fakeplants #olivetree #decorationideas #homedecor #olivetreedecor #homeinspo #shopeefinds #diningroomdecor #interiorstyling #aesthetichome #homeimprovement #budolfinds #interiordecor #affordablehomedecor #hometips #budolfindsph #bestbudol "
7,7193072503642705194,missjessicanicoleblog,529000,8479,80,1793,590,0.020684,64.27,2023-01-27,"[ĐÁNH GIÁ NGÁCH]: Cạnh tranh cao với 77 video, nhưng thị trường nóng (19.8M views) nhờ xu hướng trang trí nội thất. Cơ hội cho brand mới là giải quyết nỗi sợ 'plastic' bằng chất liệu thực tế và tạo trải nghiệm setup độc đáo. | [CHIẾN LƯỢC VIDEO #7]: Curiosity question ('You won't believe this price') -> visual texture zoom -> room transformation -> bio link CTA. | [TÂM LÝ KHÁCH]: Immediate fear of missing out (FOMO) and pleasure of discovering high-end luxury at a discount price. (Khán giả phản hồi thực tế: Phân tích từ 19 bình luận thực tế: 52.6% người xem có ý định mua (hỏi link, hỏi chậu, hỏi giá). 0.0% có thắc mắc/nghi ngại về độ chân thực hoặc kích thước.)",Bargain Discovery / Smart Shopper Hook: Opening with 'Months of waiting and I finally found the perfect pot to use to upgrade my ...' to capture viewer attention within 3 seconds.,"Driven by 529,000 views and 1,793 saves (80 comments) due to high shareability and home decor reference value. | Ý định mua trong comment: 'Is this the size 15?, Do you know name of the pot ? ❤️, Where is this from? Crate and barrel? I need 😁'","Immediate fear of missing out (FOMO) and pleasure of discovering high-end luxury at a discount price. (Khán giả phản hồi thực tế: Phân tích từ 19 bình luận thực tế: 52.6% người xem có ý định mua (hỏi link, hỏi chậu, hỏi giá). 0.0% có thắc mắc/nghi ngại về độ chân thực hoặc kích thước.)",Curiosity question ('You won't believe this price') -> visual texture zoom -> room transformation -> bio link CTA.,Is this the size 15?; Do you know name of the pot ? ❤️; Where is this from? Crate and barrel? I need 😁; Where did u get the tree from????,,19,https://www.tiktok.com/@missjessicanicoleblog/video/7193072503642705194,Months of waiting and I finally found the perfect pot to use to upgrade my faux olive tree! #targetfinds #olivetree #fauxtree #homedesign #homehacks 
8,7473237115858439467,neutral_homebody,191900,3059,50,2617,1360,0.036925,63.15,2025-02-20,"[ĐÁNH GIÁ NGÁCH]: Cạnh tranh cao với 77 video, nhưng thị trường nóng (19.8M views) nhờ xu hướng trang trí nội thất. Cơ hội cho brand mới là giải quyết nỗi sợ 'plastic' bằng chất liệu thực tế và tạo trải nghiệm setup độc đáo. | [CHIẾN LƯỢC VIDEO #8]: Curiosity question ('You won't believe this price') -> visual texture zoom -> room transformation -> bio link CTA. | [TÂM LÝ KHÁCH]: Immediate fear of missing out (FOMO) and pleasure of discovering high-end luxury at a discount price. (Khán giả phản hồi thực tế: Phân tích từ 30 bình luận thực tế: 10.0% người xem có ý định mua (hỏi link, hỏi chậu, hỏi giá). 0.0% có thắc mắc/nghi ngại về độ chân thực hoặc kích thước.)",Bargain Discovery / Smart Shopper Hook: Opening with 'Giving my faux olive tree a little upgrade with this battery-operated spotl...' to capture viewer attention within 3 seconds.,"Driven by 191,900 views and 2,617 saves (50 comments) due to high shareability and home decor reference value. | Ý định mua trong comment: 'Shop, can i have the links please x, Where u get ur olive tree from?'","Immediate fear of missing out (FOMO) and pleasure of discovering high-end luxury at a discount price. (Khán giả phản hồi thực tế: Phân tích từ 30 bình luận thực tế: 10.0% người xem có ý định mua (hỏi link, hỏi chậu, hỏi giá). 0.0% có thắc mắc/nghi ngại về độ chân thực hoặc kích thước.)",Curiosity question ('You won't believe this price') -> visual texture zoom -> room transformation -> bio link CTA.,Shop; can i have the links please x; Where u get ur olive tree from?,,30,https://www.tiktok.com/@neutral_homebody/video/7473237115858439467,Giving my faux olive tree a little upgrade with this battery-operated spotlight from @Amazon ✨🌿 Follow & Comment SHOP below to receive a DM with the link to shop this post on my LTK ⬇ https://liketk.it/567p0 #ltkmostloved #ltkfindsunder50 #ltkhome 🌸 Follow @neutral_homebody for more inspiration and ideas on creating a space that truly feels like home #amazonfind #batteryoperated #cozybedroom #olivetree #affordabledecor #organicmodern 
9,7491975026263018760,pam.lately,200000,2393,65,744,301,0.017515,60.01,2025-04-11,"[ĐÁNH GIÁ NGÁCH]: Cạnh tranh cao với 77 video, nhưng thị trường nóng (19.8M views) nhờ xu hướng trang trí nội thất. Cơ hội cho brand mới là giải quyết nỗi sợ 'plastic' bằng chất liệu thực tế và tạo trải nghiệm setup độc đáo. | [CHIẾN LƯỢC VIDEO #9]: Natural lifestyle framing -> problem resolution -> seamless product showcase. | [TÂM LÝ KHÁCH]: Emotional connection to cozy living, relieving maintenance anxiety (no watering, no dying plants). (Khán giả phản hồi thực tế: Phân tích từ 44 bình luận thực tế: 18.2% người xem có ý định mua (hỏi link, hỏi chậu, hỏi giá). 2.3% có thắc mắc/nghi ngại về độ chân thực hoặc kích thước.)",Curiosity / Lifestyle Context Hook: Opening with 'Home decorating tip! Skeptical with this artificial olive tree at first but...' to capture viewer attention within 3 seconds.,"Driven by 200,000 views and 744 saves (65 comments) due to high shareability and home decor reference value. | Ý định mua trong comment: 'where did you buy po yung pot?, What size is yours? Tx, what size yung plan mo sis?' & Rào cản/lo lắng: 'How do you clean the dust?'","Emotional connection to cozy living, relieving maintenance anxiety (no watering, no dying plants). (Khán giả phản hồi thực tế: Phân tích từ 44 bình luận thực tế: 18.2% người xem có ý định mua (hỏi link, hỏi chậu, hỏi giá). 2.3% có thắc mắc/nghi ngại về độ chân thực hoặc kích thước.)",Natural lifestyle framing -> problem resolution -> seamless product showcase.,"where did you buy po yung pot?; What size is yours? Tx; what size yung plan mo sis?; Hi, link for the green moss pls, thank you😊",How do you clean the dust?,44,https://www.tiktok.com/@pam.lately/video/7491975026263018760,Home decorating tip! Skeptical with this artificial olive tree at first but it was a happy purchase. Love how it spruced up our boring stairs. 💕 #homestyle #homeimprovement #homedecor #olivertree #minimalist #greenery #homebuddiesph 
10,7660446988172856598,home.of.emma.x,601100,5409,61,2629,1199,0.015468,58.39,2026-07-09,"[ĐÁNH GIÁ NGÁCH]: Cạnh tranh cao với 77 video, nhưng thị trường nóng (19.8M views) nhờ xu hướng trang trí nội thất. Cơ hội cho brand mới là giải quyết nỗi sợ 'plastic' bằng chất liệu thực tế và tạo trải nghiệm setup độc đáo. | [CHIẾN LƯỢC VIDEO #10]: 0-3s quick visual reveal -> tactile proof (touching leaves) -> styled living room context -> recommendation. | [TÂM LÝ KHÁCH]: Desire for elevated living space and prestige; validates realistic faux items as tasteful and practical. (Khán giả phản hồi thực tế: Phân tích từ 29 bình luận thực tế: 27.6% người xem có ý định mua (hỏi link, hỏi chậu, hỏi giá). 0.0% có thắc mắc/nghi ngại về độ chân thực hoặc kích thước.)",Aesthetic Transformation / Visual Shock Hook: Opening with 'POV: You’ve been trying to find the perfect faux olive tree without spendin...' to capture viewer attention within 3 seconds.,"Driven by 601,100 views and 2,629 saves (61 comments) due to high shareability and home decor reference value. | Ý định mua trong comment: 'I want this so bad but my 2 year old will defo destroy this in a heart beat lol, Do you have the link??, Where is the olive tree vase from plz'","Desire for elevated living space and prestige; validates realistic faux items as tasteful and practical. (Khán giả phản hồi thực tế: Phân tích từ 29 bình luận thực tế: 27.6% người xem có ý định mua (hỏi link, hỏi chậu, hỏi giá). 0.0% có thắc mắc/nghi ngại về độ chân thực hoặc kích thước.)",0-3s quick visual reveal -> tactile proof (touching leaves) -> styled living room context -> recommendation.,I want this so bad but my 2 year old will defo destroy this in a heart beat lol; Do you have the link??; Where is the olive tree vase from plz; Where are your sofa cushions from please xxx,,29,https://www.tiktok.com/@home.of.emma.x/video/7660446988172856598,POV: You’ve been trying to find the perfect faux olive tree without spending hundreds… 👀 I finally found one that actually looks realistic and comes with the pot. Such a good find! 🌿✨
11,7589341626066128142,temu,6600000,9677,85,2727,1571,0.00213,57.85,2025-12-30,"[ĐÁNH GIÁ NGÁCH]: Cạnh tranh cao với 77 video, nhưng thị trường nóng (19.8M views) nhờ xu hướng trang trí nội thất. Cơ hội cho brand mới là giải quyết nỗi sợ 'plastic' bằng chất liệu thực tế và tạo trải nghiệm setup độc đáo. | [CHIẾN LƯỢC VIDEO #11]: 0-3s quick visual reveal -> tactile proof (touching leaves) -> styled living room context -> recommendation. | [TÂM LÝ KHÁCH]: Desire for elevated living space and prestige; validates realistic faux items as tasteful and practical. (Khán giả phản hồi thực tế: Phân tích từ 72 bình luận thực tế: 4.2% người xem có ý định mua (hỏi link, hỏi chậu, hỏi giá). 1.4% có thắc mắc/nghi ngại về độ chân thực hoặc kích thước.)",Aesthetic Transformation / Visual Shock Hook: Opening with 'Bring a natural vibe indoors! 🍃 Realistic branches and fruits make this tal...' to capture viewer attention within 3 seconds.,"Driven by 6,600,000 views and 2,727 saves (85 comments) due to high shareability and home decor reference value. | Ý định mua trong comment: 'Where is my order😪💔, GIVE ME MY ORDER BRO, I want to collab with u giues give one jst one chance' & Rào cản/lo lắng: 'Not good quality, doesn’t stay stable and completely different from what shown'","Desire for elevated living space and prestige; validates realistic faux items as tasteful and practical. (Khán giả phản hồi thực tế: Phân tích từ 72 bình luận thực tế: 4.2% người xem có ý định mua (hỏi link, hỏi chậu, hỏi giá). 1.4% có thắc mắc/nghi ngại về độ chân thực hoặc kích thước.)",0-3s quick visual reveal -> tactile proof (touching leaves) -> styled living room context -> recommendation.,Where is my order😪💔; GIVE ME MY ORDER BRO; I want to collab with u giues give one jst one chance,"Not good quality, doesn’t stay stable and completely different from what shown",72,https://www.tiktok.com/@temu/video/7589341626066128142,Bring a natural vibe indoors! 🍃 Realistic branches and fruits make this tall tree perfect for home or office decor. 🔍 Find it at https://temu.to/m/ggwwwmor9wp or with this code fdg8857. #Temu #HomeDecor
12,7492877631818337578,hannnnahadams,182900,3195,48,1478,407,0.028037,57.39,2025-04-14,"[ĐÁNH GIÁ NGÁCH]: Cạnh tranh cao với 77 video, nhưng thị trường nóng (19.8M views) nhờ xu hướng trang trí nội thất. Cơ hội cho brand mới là giải quyết nỗi sợ 'plastic' bằng chất liệu thực tế và tạo trải nghiệm setup độc đáo. | [CHIẾN LƯỢC VIDEO #12]: Curiosity question ('You won't believe this price') -> visual texture zoom -> room transformation -> bio link CTA. | [TÂM LÝ KHÁCH]: Immediate fear of missing out (FOMO) and pleasure of discovering high-end luxury at a discount price. (Khán giả phản hồi thực tế: Phân tích từ 36 bình luận thực tế: 41.7% người xem có ý định mua (hỏi link, hỏi chậu, hỏi giá). 0.0% có thắc mắc/nghi ngại về độ chân thực hoặc kích thước.)",Bargain Discovery / Smart Shopper Hook: Opening with '& 1/3 of the price 😩😩😩 in my amazn SF! #10ftolivetree #olivetree #fauxolive...' to capture viewer attention within 3 seconds.,"Driven by 182,900 views and 1,478 saves (48 comments) due to high shareability and home decor reference value. | Ý định mua trong comment: 'Love it! Where did you get the pot and what size? 😍, Do you have the pot entry link?, Dang it Hannah I NEED this 🤣'","Immediate fear of missing out (FOMO) and pleasure of discovering high-end luxury at a discount price. (Khán giả phản hồi thực tế: Phân tích từ 36 bình luận thực tế: 41.7% người xem có ý định mua (hỏi link, hỏi chậu, hỏi giá). 0.0% có thắc mắc/nghi ngại về độ chân thực hoặc kích thước.)",Curiosity question ('You won't believe this price') -> visual texture zoom -> room transformation -> bio link CTA.,Love it! Where did you get the pot and what size? 😍; Do you have the pot entry link?; Dang it Hannah I NEED this 🤣; I can’t find this exact tree on your Amazon,,36,https://www.tiktok.com/@hannnnahadams/video/7492877631818337578,& 1/3 of the price 😩😩😩 in my amazn SF! #10ftolivetree #olivetree #fauxolivetree #amazonhome #homedecor #home #interiordesign #homedecor 
13,7335944742053661994,brenna_anastasia,472400,5005,31,5183,2589,0.027113,57.05,2024-02-16,"[ĐÁNH GIÁ NGÁCH]: Cạnh tranh cao với 77 video, nhưng thị trường nóng (19.8M views) nhờ xu hướng trang trí nội thất. Cơ hội cho brand mới là giải quyết nỗi sợ 'plastic' bằng chất liệu thực tế và tạo trải nghiệm setup độc đáo. | [CHIẾN LƯỢC VIDEO #13]: Curiosity question ('You won't believe this price') -> visual texture zoom -> room transformation -> bio link CTA. | [TÂM LÝ KHÁCH]: Immediate fear of missing out (FOMO) and pleasure of discovering high-end luxury at a discount price. (Khán giả phản hồi thực tế: Phân tích từ 22 bình luận thực tế: 50.0% người xem có ý định mua (hỏi link, hỏi chậu, hỏi giá). 0.0% có thắc mắc/nghi ngại về độ chân thực hoặc kích thước.)",Bargain Discovery / Smart Shopper Hook: Opening with 'finally found the perfect olive tree and vase #amazonhomedecor #homedecorti...' to capture viewer attention within 3 seconds.,"Driven by 472,400 views and 5,183 saves (31 comments) due to high shareability and home decor reference value. | Ý định mua trong comment: 'Where’s your plant pot from?😍, What is the height of the olive tree you purchased on amazon!? 🤍, Is olive tree from Amazon ?'","Immediate fear of missing out (FOMO) and pleasure of discovering high-end luxury at a discount price. (Khán giả phản hồi thực tế: Phân tích từ 22 bình luận thực tế: 50.0% người xem có ý định mua (hỏi link, hỏi chậu, hỏi giá). 0.0% có thắc mắc/nghi ngại về độ chân thực hoặc kích thước.)",Curiosity question ('You won't believe this price') -> visual texture zoom -> room transformation -> bio link CTA.,Where’s your plant pot from?😍; What is the height of the olive tree you purchased on amazon!? 🤍; Is olive tree from Amazon ?; Where'd u get the moss from,,22,https://www.tiktok.com/@brenna_anastasia/video/7335944742053661994,finally found the perfect olive tree and vase #amazonhomedecor #homedecortips 
14,7663644387955576078,christine.things,1256,82,75,38,10,0.163217,55.25,2026-07-18,"[ĐÁNH GIÁ NGÁCH]: Cạnh tranh cao với 77 video, nhưng thị trường nóng (19.8M views) nhờ xu hướng trang trí nội thất. Cơ hội cho brand mới là giải quyết nỗi sợ 'plastic' bằng chất liệu thực tế và tạo trải nghiệm setup độc đáo. | [CHIẾN LƯỢC VIDEO #14]: Curiosity question ('You won't believe this price') -> visual texture zoom -> room transformation -> bio link CTA. | [TÂM LÝ KHÁCH]: Immediate fear of missing out (FOMO) and pleasure of discovering high-end luxury at a discount price.",Bargain Discovery / Smart Shopper Hook: Opening with 'Check this out now! Faux olive tree! 🌳 #dealsforyoudays #fauxolivetree #hom...' to capture viewer attention within 3 seconds.,"Driven by 1,256 views and 38 saves (75 comments) due to high shareability and home decor reference value.",Immediate fear of missing out (FOMO) and pleasure of discovering high-end luxury at a discount price.,Curiosity question ('You won't believe this price') -> visual texture zoom -> room transformation -> bio link CTA.,,,0,https://www.tiktok.com/@christine.things/video/7663644387955576078,Check this out now! Faux olive tree! 🌳 #dealsforyoudays #fauxolivetree #homedecor #fakeplants #plants 
15,7481280396638850305,elleshowroom1,208000,970,58,259,231,0.007298,54.52,2025-03-13,"[ĐÁNH GIÁ NGÁCH]: Cạnh tranh cao với 77 video, nhưng thị trường nóng (19.8M views) nhờ xu hướng trang trí nội thất. Cơ hội cho brand mới là giải quyết nỗi sợ 'plastic' bằng chất liệu thực tế và tạo trải nghiệm setup độc đáo. | [CHIẾN LƯỢC VIDEO #15]: Step-by-step unboxing/crafting -> satisfying reveal -> cost breakdown vs commercial alternatives. | [TÂM LÝ KHÁCH]: Taps into pride of home improvement and cost-saving ingenuity; viewers trust creators who build with their hands. (Khán giả phản hồi thực tế: Phân tích từ 36 bình luận thực tế: 19.4% người xem có ý định mua (hỏi link, hỏi chậu, hỏi giá). 0.0% có thắc mắc/nghi ngại về độ chân thực hoặc kích thước.)","DIY Craftsmanship / Process Hook: Opening with 'Artificial Olive Tree Plant  ✅Available Size 120cm, 150cm and 180cm Tall ✅P...' to capture viewer attention within 3 seconds.","Driven by 208,000 views and 259 saves (58 comments) due to high shareability and home decor reference value. | Ý định mua trong comment: 'Ano size nyan miii, Anong size po nbili nyo, Maam bakit parang maliit yung 150cm 5ft na nasa reviews ng shop na nasa yellow basket po? 😌Tapos sa inyu mas malaki? Bibilinsana ako kaso baka maliit sa personal'","Taps into pride of home improvement and cost-saving ingenuity; viewers trust creators who build with their hands. (Khán giả phản hồi thực tế: Phân tích từ 36 bình luận thực tế: 19.4% người xem có ý định mua (hỏi link, hỏi chậu, hỏi giá). 0.0% có thắc mắc/nghi ngại về độ chân thực hoặc kích thước.)",Step-by-step unboxing/crafting -> satisfying reveal -> cost breakdown vs commercial alternatives.,Ano size nyan miii; Anong size po nbili nyo; Maam bakit parang maliit yung 150cm 5ft na nasa reviews ng shop na nasa yellow basket po? 😌Tapos sa inyu mas malaki? Bibilinsana ako kaso baka maliit sa personal; how much po,,36,https://www.tiktok.com/@elleshowroom1/video/7481280396638850305,"Artificial Olive Tree Plant  ✅Available Size 120cm, 150cm and 180cm Tall ✅Perfect for Living Room, Bedroom, Office and Dining Room  ✅Very Realistic Artificial Plant ✅Made in Environment Friendly Materials #fakeplant #artificialplant #faketree #artificialplants #artificialplant #fakeplants #artificialplants #tree #plants #plant #artificialolivetree #artificialoliveplant #olivetree #fakeolivetree #fakeoliveoils #homedecor #planthomedecor #plantdecoration #decorationplant #fyp #fypシ゚viral #ttsbudolfinds #wowsulitdeals #paydaysale #fridayfriyay #MySweldoBudol  #TikTokShopFuntasticPayday #SummerSayaSale #bonggangfridayfriyay #lifestylechallenge  #techsaya #techbudolfest #tiktokshopelectronics #homeliving #hometokshop #homeimprovement #householdappliances #buymoresavemore #tiktokhomebudol #tiktokshopph44 #sale44 #tiktokshopontrend@MODOFO Official Mall "
16,7650340847006928142,naturally_michelle,514700,2024,56,1130,435,0.007082,54.03,2026-06-12,"[ĐÁNH GIÁ NGÁCH]: Cạnh tranh cao với 77 video, nhưng thị trường nóng (19.8M views) nhờ xu hướng trang trí nội thất. Cơ hội cho brand mới là giải quyết nỗi sợ 'plastic' bằng chất liệu thực tế và tạo trải nghiệm setup độc đáo. | [CHIẾN LƯỢC VIDEO #16]: Curiosity question ('You won't believe this price') -> visual texture zoom -> room transformation -> bio link CTA. | [TÂM LÝ KHÁCH]: Immediate fear of missing out (FOMO) and pleasure of discovering high-end luxury at a discount price.",Bargain Discovery / Smart Shopper Hook: Opening with 'The olive tree that’s perfect for your living room 🌿#fauxolivetree #olivetr...' to capture viewer attention within 3 seconds.,"Driven by 514,700 views and 1,130 saves (56 comments) due to high shareability and home decor reference value.",Immediate fear of missing out (FOMO) and pleasure of discovering high-end luxury at a discount price.,Curiosity question ('You won't believe this price') -> visual texture zoom -> room transformation -> bio link CTA.,,,0,https://www.tiktok.com/@naturally_michelle/video/7650340847006928142,The olive tree that’s perfect for your living room 🌿#fauxolivetree #olivetree #homedecor #neutralaesthetic #dealsforyoudays  
17,7650532736557403405,hisandhercarts,1300000,2927,47,1629,859,0.004202,51.08,2026-06-12,"[ĐÁNH GIÁ NGÁCH]: Cạnh tranh cao với 77 video, nhưng thị trường nóng (19.8M views) nhờ xu hướng trang trí nội thất. Cơ hội cho brand mới là giải quyết nỗi sợ 'plastic' bằng chất liệu thực tế và tạo trải nghiệm setup độc đáo. | [CHIẾN LƯỢC VIDEO #17]: Natural lifestyle framing -> problem resolution -> seamless product showcase. | [TÂM LÝ KHÁCH]: Emotional connection to cozy living, relieving maintenance anxiety (no watering, no dying plants). (Khán giả phản hồi thực tế: Phân tích từ 37 bình luận thực tế: 32.4% người xem có ý định mua (hỏi link, hỏi chậu, hỏi giá). 8.1% có thắc mắc/nghi ngại về độ chân thực hoặc kích thước.)",Curiosity / Lifestyle Context Hook: Opening with 'He loves his new olive tree & so do I! #olivetree #fauxolivetree ...' to capture viewer attention within 3 seconds.,"Driven by 1,300,000 views and 1,629 saves (47 comments) due to high shareability and home decor reference value. | Ý định mua trong comment: 'Please order another one I need to see them to gather before I decided to buy one, can you do that for me? 😁, Does it come with that actual pot?, How does it come? How is the box where it comes?' & Rào cản/lo lắng: '$150 is expensive, Is the pot plastic?'","Emotional connection to cozy living, relieving maintenance anxiety (no watering, no dying plants). (Khán giả phản hồi thực tế: Phân tích từ 37 bình luận thực tế: 32.4% người xem có ý định mua (hỏi link, hỏi chậu, hỏi giá). 8.1% có thắc mắc/nghi ngại về độ chân thực hoặc kích thước.)",Natural lifestyle framing -> problem resolution -> seamless product showcase.,"Please order another one I need to see them to gather before I decided to buy one, can you do that for me? 😁; Does it come with that actual pot?; How does it come? How is the box where it comes?; when is the 8ft with pot coming back in stock ughhhhhh",$150 is expensive; Is the pot plastic?; Is that a fake tree?,37,https://www.tiktok.com/@hisandhercarts/video/7650532736557403405,He loves his new olive tree & so do I! #olivetree #fauxolivetree 
18,7459789065181744390,living_with_lauren_,137100,1262,80,650,292,0.016659,50.08,2025-01-14,"[ĐÁNH GIÁ NGÁCH]: Cạnh tranh cao với 77 video, nhưng thị trường nóng (19.8M views) nhờ xu hướng trang trí nội thất. Cơ hội cho brand mới là giải quyết nỗi sợ 'plastic' bằng chất liệu thực tế và tạo trải nghiệm setup độc đáo. | [CHIẾN LƯỢC VIDEO #18]: Step-by-step unboxing/crafting -> satisfying reveal -> cost breakdown vs commercial alternatives. | [TÂM LÝ KHÁCH]: Taps into pride of home improvement and cost-saving ingenuity; viewers trust creators who build with their hands. (Khán giả phản hồi thực tế: Phân tích từ 29 bình luận thực tế: 37.9% người xem có ý định mua (hỏi link, hỏi chậu, hỏi giá). 0.0% có thắc mắc/nghi ngại về độ chân thực hoặc kích thước.)",DIY Craftsmanship / Process Hook: Opening with 'How I transformed my space with this faux olive tree from Temu. PS. shorts ...' to capture viewer attention within 3 seconds.,"Driven by 137,100 views and 650 saves (80 comments) due to high shareability and home decor reference value. | Ý định mua trong comment: 'Is the black pot from Temu too??, What was the price on Temu for it?, I would love these do you have the link'","Taps into pride of home improvement and cost-saving ingenuity; viewers trust creators who build with their hands. (Khán giả phản hồi thực tế: Phân tích từ 29 bình luận thực tế: 37.9% người xem có ý định mua (hỏi link, hỏi chậu, hỏi giá). 0.0% có thắc mắc/nghi ngại về độ chân thực hoặc kích thước.)",Step-by-step unboxing/crafting -> satisfying reveal -> cost breakdown vs commercial alternatives.,Is the black pot from Temu too??; What was the price on Temu for it?; I would love these do you have the link; Gorgeous what light did you use in the pot plant?,,29,https://www.tiktok.com/@living_with_lauren_/video/7459789065181744390,How I transformed my space with this faux olive tree from Temu. PS. shorts and shirt are from Temu too. 🤭🫣 #creatorsearchinsights  #interiordesign  #DIY  #myhomestyle  #budgetfriendlydecor  #temufinds  #fauxolivetree  #olivetreedecor  #neutralaesthetic  #homedecorgoals   #cozyvibes  #plantlover  @Temu 
19,7656594010143788319,fittogether_65,598000,1338,35,927,421,0.00455,48.82,2026-06-29,"[ĐÁNH GIÁ NGÁCH]: Cạnh tranh cao với 77 video, nhưng thị trường nóng (19.8M views) nhờ xu hướng trang trí nội thất. Cơ hội cho brand mới là giải quyết nỗi sợ 'plastic' bằng chất liệu thực tế và tạo trải nghiệm setup độc đáo. | [CHIẾN LƯỢC VIDEO #19]: Curiosity question ('You won't believe this price') -> visual texture zoom -> room transformation -> bio link CTA. | [TÂM LÝ KHÁCH]: Immediate fear of missing out (FOMO) and pleasure of discovering high-end luxury at a discount price.","Bargain Discovery / Smart Shopper Hook: Opening with 'realistic olive tree, faux olive tree with pot, artificial olive tree, luxu...' to capture viewer attention within 3 seconds.","Driven by 598,000 views and 927 saves (35 comments) due to high shareability and home decor reference value.",Immediate fear of missing out (FOMO) and pleasure of discovering high-end luxury at a discount price.,Curiosity question ('You won't believe this price') -> visual texture zoom -> room transformation -> bio link CTA.,,,0,https://www.tiktok.com/@fittogether_65/video/7656594010143788319,"realistic olive tree, faux olive tree with pot, artificial olive tree, luxury home decor, aesthetic living room, faux plant decor, maintenance free plant, designer inspired decor, modern farmhouse decor, decorative indoor tree, home styling ideas, elegant home accents, room makeover, TikTok home finds #DealsForYouDays #HomeDecor #OliveTree #FauxPlant #HomeFinds"
20,7488468302797229342,4shotsofbaileys,402,45,40,11,5,0.251244,48.08,2025-04-02,"[ĐÁNH GIÁ NGÁCH]: Cạnh tranh cao với 77 video, nhưng thị trường nóng (19.8M views) nhờ xu hướng trang trí nội thất. Cơ hội cho brand mới là giải quyết nỗi sợ 'plastic' bằng chất liệu thực tế và tạo trải nghiệm setup độc đáo. | [CHIẾN LƯỢC VIDEO #20]: Curiosity question ('You won't believe this price') -> visual texture zoom -> room transformation -> bio link CTA. | [TÂM LÝ KHÁCH]: Immediate fear of missing out (FOMO) and pleasure of discovering high-end luxury at a discount price.",Bargain Discovery / Smart Shopper Hook: Opening with 'These faux olive trees from Amazon are adorable y’all 🫒#fyp #boymom #Momsof...' to capture viewer attention within 3 seconds.,Driven by 402 views and 11 saves (40 comments) due to high shareability and home decor reference value.,Immediate fear of missing out (FOMO) and pleasure of discovering high-end luxury at a discount price.,Curiosity question ('You won't believe this price') -> visual texture zoom -> room transformation -> bio link CTA.,,,18,https://www.tiktok.com/@4shotsofbaileys/video/7488468302797229342,These faux olive trees from Amazon are adorable y’all 🫒#fyp #boymom #MomsofTiktok #sahm #momsover30 #under5k #follow 
21,7593769282924743967,thenatashaedit_homedecor,61500,1441,163,319,376,0.037382,47.25,2026-01-10,"[ĐÁNH GIÁ NGÁCH]: Cạnh tranh cao với 77 video, nhưng thị trường nóng (19.8M views) nhờ xu hướng trang trí nội thất. Cơ hội cho brand mới là giải quyết nỗi sợ 'plastic' bằng chất liệu thực tế và tạo trải nghiệm setup độc đáo. | [CHIẾN LƯỢC VIDEO #21]: 0-3s quick visual reveal -> tactile proof (touching leaves) -> styled living room context -> recommendation. | [TÂM LÝ KHÁCH]: Desire for elevated living space and prestige; validates realistic faux items as tasteful and practical. (Khán giả phản hồi thực tế: Phân tích từ 42 bình luận thực tế: 23.8% người xem có ý định mua (hỏi link, hỏi chậu, hỏi giá). 2.4% có thắc mắc/nghi ngại về độ chân thực hoặc kích thước.)",Aesthetic Transformation / Visual Shock Hook: Opening with 'This is the new 8 foot olive tree from Hobby Lobby and she is glorious  @Ho...' to capture viewer attention within 3 seconds.,"Driven by 61,500 views and 319 saves (163 comments) due to high shareability and home decor reference value. | Ý định mua trong comment: 'How much is this one?, Anyone catch that price tag?, I want one. I just really don’t know where to put it.' & Rào cản/lo lắng: 'My cats would knock this over for my bulldog to eat it. I wish I could have live or fake plants in my house'","Desire for elevated living space and prestige; validates realistic faux items as tasteful and practical. (Khán giả phản hồi thực tế: Phân tích từ 42 bình luận thực tế: 23.8% người xem có ý định mua (hỏi link, hỏi chậu, hỏi giá). 2.4% có thắc mắc/nghi ngại về độ chân thực hoặc kích thước.)",0-3s quick visual reveal -> tactile proof (touching leaves) -> styled living room context -> recommendation.,How much is this one?; Anyone catch that price tag?; I want one. I just really don’t know where to put it.; oh my gosh I love it. Its so gorgeous. Just needs a bigger pot,My cats would knock this over for my bulldog to eat it. I wish I could have live or fake plants in my house,42,https://www.tiktok.com/@thenatashaedit_homedecor/video/7593769282924743967,This is the new 8 foot olive tree from Hobby Lobby and she is glorious  @Hobby Lobby #hobbylobby #homedecor #organic #aesthetic #shopping 
22,7499963705677991198,bytiffanymarie,294000,1171,22,543,214,0.006633,47.05,2025-05-03,"[ĐÁNH GIÁ NGÁCH]: Cạnh tranh cao với 77 video, nhưng thị trường nóng (19.8M views) nhờ xu hướng trang trí nội thất. Cơ hội cho brand mới là giải quyết nỗi sợ 'plastic' bằng chất liệu thực tế và tạo trải nghiệm setup độc đáo. | [CHIẾN LƯỢC VIDEO #22]: Natural lifestyle framing -> problem resolution -> seamless product showcase. | [TÂM LÝ KHÁCH]: Emotional connection to cozy living, relieving maintenance anxiety (no watering, no dying plants). (Khán giả phản hồi thực tế: Phân tích từ 14 bình luận thực tế: 35.7% người xem có ý định mua (hỏi link, hỏi chậu, hỏi giá). 0.0% có thắc mắc/nghi ngại về độ chân thực hoặc kích thước.)",Curiosity / Lifestyle Context Hook: Opening with 'OVER 50% OFF TODAY + FREE SHIPPING! #artificaltree #olivetree #fauxolivetre...' to capture viewer attention within 3 seconds.,"Driven by 294,000 views and 543 saves (22 comments) due to high shareability and home decor reference value. | Ý định mua trong comment: 'Where is the TV table from?, Where is your tv stand from?!, Link'","Emotional connection to cozy living, relieving maintenance anxiety (no watering, no dying plants). (Khán giả phản hồi thực tế: Phân tích từ 14 bình luận thực tế: 35.7% người xem có ý định mua (hỏi link, hỏi chậu, hỏi giá). 0.0% có thắc mắc/nghi ngại về độ chân thực hoặc kích thước.)",Natural lifestyle framing -> problem resolution -> seamless product showcase.,Where is the TV table from?; Where is your tv stand from?!; Link; Where is pot from,,14,https://www.tiktok.com/@bytiffanymarie/video/7499963705677991198,OVER 50% OFF TODAY + FREE SHIPPING! #artificaltree #olivetree #fauxolivetree #indoorplants #tiktokshopmothersday 
23,7680948592437103892,rosemarie_molina00,136500,3512,39,218,77,0.028176,46.37,2026-09-02,"[ĐÁNH GIÁ NGÁCH]: Cạnh tranh cao với 77 video, nhưng thị trường nóng (19.8M views) nhờ xu hướng trang trí nội thất. Cơ hội cho brand mới là giải quyết nỗi sợ 'plastic' bằng chất liệu thực tế và tạo trải nghiệm setup độc đáo. | [CHIẾN LƯỢC VIDEO #23]: 0-3s quick visual reveal -> tactile proof (touching leaves) -> styled living room context -> recommendation. | [TÂM LÝ KHÁCH]: Desire for elevated living space and prestige; validates realistic faux items as tasteful and practical.",Aesthetic Transformation / Visual Shock Hook: Opening with 'A little olive touch for a cozier home. 🌿✨ #OliveTree #ArtificialPlants #Ho...' to capture viewer attention within 3 seconds.,"Driven by 136,500 views and 218 saves (39 comments) due to high shareability and home decor reference value.",Desire for elevated living space and prestige; validates realistic faux items as tasteful and practical.,0-3s quick visual reveal -> tactile proof (touching leaves) -> styled living room context -> recommendation.,,,0,https://www.tiktok.com/@rosemarie_molina00/video/7680948592437103892,A little olive touch for a cozier home. 🌿✨ #OliveTree #ArtificialPlants #HomeAesthetic
24,7594588947905367309,megansue100,349400,1738,15,822,221,0.008002,46.2,2026-01-13,"[ĐÁNH GIÁ NGÁCH]: Cạnh tranh cao với 77 video, nhưng thị trường nóng (19.8M views) nhờ xu hướng trang trí nội thất. Cơ hội cho brand mới là giải quyết nỗi sợ 'plastic' bằng chất liệu thực tế và tạo trải nghiệm setup độc đáo. | [CHIẾN LƯỢC VIDEO #24]: 0-3s quick visual reveal -> tactile proof (touching leaves) -> styled living room context -> recommendation. | [TÂM LÝ KHÁCH]: Desire for elevated living space and prestige; validates realistic faux items as tasteful and practical. (Khán giả phản hồi thực tế: Phân tích từ 13 bình luận thực tế: 53.8% người xem có ý định mua (hỏi link, hỏi chậu, hỏi giá). 0.0% có thắc mắc/nghi ngại về độ chân thực hoặc kích thước.)",Aesthetic Transformation / Visual Shock Hook: Opening with 'The most beautiful way to fill an empty space 🤩  #vitalismoshop #olivetree ...' to capture viewer attention within 3 seconds.,"Driven by 349,400 views and 822 saves (15 comments) due to high shareability and home decor reference value. | Ý định mua trong comment: 'Where is the basket from?, I could by a million trees BUT WHERE ARE THE FREAKING POTS, What size did u get?'","Desire for elevated living space and prestige; validates realistic faux items as tasteful and practical. (Khán giả phản hồi thực tế: Phân tích từ 13 bình luận thực tế: 53.8% người xem có ý định mua (hỏi link, hỏi chậu, hỏi giá). 0.0% có thắc mắc/nghi ngại về độ chân thực hoặc kích thước.)",0-3s quick visual reveal -> tactile proof (touching leaves) -> styled living room context -> recommendation.,Where is the basket from?; I could by a million trees BUT WHERE ARE THE FREAKING POTS; What size did u get?; Where is the basket from!,,13,https://www.tiktok.com/@megansue100/video/7594588947905367309,The most beautiful way to fill an empty space 🤩  #vitalismoshop #olivetree #realisticolivetree #7ftolivetree #fauxtree 
25,7598300106558934302,bytiffanymarie,325300,1125,17,511,212,0.005733,45.69,2026-01-23,"[ĐÁNH GIÁ NGÁCH]: Cạnh tranh cao với 77 video, nhưng thị trường nóng (19.8M views) nhờ xu hướng trang trí nội thất. Cơ hội cho brand mới là giải quyết nỗi sợ 'plastic' bằng chất liệu thực tế và tạo trải nghiệm setup độc đáo. | [CHIẾN LƯỢC VIDEO #25]: Curiosity question ('You won't believe this price') -> visual texture zoom -> room transformation -> bio link CTA. | [TÂM LÝ KHÁCH]: Immediate fear of missing out (FOMO) and pleasure of discovering high-end luxury at a discount price.","Bargain Discovery / Smart Shopper Hook: Opening with 'on sale less than $50 today for the 6ft tree, I’ve never seen the price thi...' to capture viewer attention within 3 seconds.","Driven by 325,300 views and 511 saves (17 comments) due to high shareability and home decor reference value.",Immediate fear of missing out (FOMO) and pleasure of discovering high-end luxury at a discount price.,Curiosity question ('You won't believe this price') -> visual texture zoom -> room transformation -> bio link CTA.,,,0,https://www.tiktok.com/@bytiffanymarie/video/7598300106558934302,"on sale less than $50 today for the 6ft tree, I’ve never seen the price this low.  *sale price as of 1/22/26  #fauxolivetree #olivetree #homedecor #affordablehomedecor #tiktokshopcreatorpicks "
26,7651736659637177613,hisandhercarts,1100000,1506,23,845,470,0.002585,45.63,2026-06-16,"[ĐÁNH GIÁ NGÁCH]: Cạnh tranh cao với 77 video, nhưng thị trường nóng (19.8M views) nhờ xu hướng trang trí nội thất. Cơ hội cho brand mới là giải quyết nỗi sợ 'plastic' bằng chất liệu thực tế và tạo trải nghiệm setup độc đáo. | [CHIẾN LƯỢC VIDEO #26]: Natural lifestyle framing -> problem resolution -> seamless product showcase. | [TÂM LÝ KHÁCH]: Emotional connection to cozy living, relieving maintenance anxiety (no watering, no dying plants). (Khán giả phản hồi thực tế: Phân tích từ 16 bình luận thực tế: 37.5% người xem có ý định mua (hỏi link, hỏi chậu, hỏi giá). 0.0% có thắc mắc/nghi ngại về độ chân thực hoặc kích thước.)",Curiosity / Lifestyle Context Hook: Opening with 'He loves his new olive tree & so do I! #olivetree #fauxolivetree ...' to capture viewer attention within 3 seconds.,"Driven by 1,100,000 views and 845 saves (23 comments) due to high shareability and home decor reference value. | Ý định mua trong comment: 'how tall is it ??, 8 foot not available was gonna buy it, Is the pot included?'","Emotional connection to cozy living, relieving maintenance anxiety (no watering, no dying plants). (Khán giả phản hồi thực tế: Phân tích từ 16 bình luận thực tế: 37.5% người xem có ý định mua (hỏi link, hỏi chậu, hỏi giá). 0.0% có thắc mắc/nghi ngại về độ chân thực hoặc kích thước.)",Natural lifestyle framing -> problem resolution -> seamless product showcase.,how tall is it ??; 8 foot not available was gonna buy it; Is the pot included?; Just ordered the 7ft one with the pot from you 😊 been wanting one of these for a while,,16,https://www.tiktok.com/@hisandhercarts/video/7651736659637177613,He loves his new olive tree & so do I! #olivetree #fauxolivetree 
27,7617447465578417421,trendsetterssquad,1100000,2745,16,843,463,0.003697,44.68,2026-03-15,"[ĐÁNH GIÁ NGÁCH]: Cạnh tranh cao với 77 video, nhưng thị trường nóng (19.8M views) nhờ xu hướng trang trí nội thất. Cơ hội cho brand mới là giải quyết nỗi sợ 'plastic' bằng chất liệu thực tế và tạo trải nghiệm setup độc đáo. | [CHIẾN LƯỢC VIDEO #27]: Natural lifestyle framing -> problem resolution -> seamless product showcase. | [TÂM LÝ KHÁCH]: Emotional connection to cozy living, relieving maintenance anxiety (no watering, no dying plants).",Curiosity / Lifestyle Context Hook: Opening with 'Shop your favorite items on Temu at low prices with great discounts....' to capture viewer attention within 3 seconds.,"Driven by 1,100,000 views and 843 saves (16 comments) due to high shareability and home decor reference value.","Emotional connection to cozy living, relieving maintenance anxiety (no watering, no dying plants).",Natural lifestyle framing -> problem resolution -> seamless product showcase.,,,0,https://www.tiktok.com/@trendsetterssquad/video/7617447465578417421,Shop your favorite items on Temu at low prices with great discounts.
28,7226551465035353390,kimmyhav,191100,700,14,443,109,0.006625,43.67,2023-04-27,"[ĐÁNH GIÁ NGÁCH]: Cạnh tranh cao với 77 video, nhưng thị trường nóng (19.8M views) nhờ xu hướng trang trí nội thất. Cơ hội cho brand mới là giải quyết nỗi sợ 'plastic' bằng chất liệu thực tế và tạo trải nghiệm setup độc đáo. | [CHIẾN LƯỢC VIDEO #28]: Curiosity question ('You won't believe this price') -> visual texture zoom -> room transformation -> bio link CTA. | [TÂM LÝ KHÁCH]: Immediate fear of missing out (FOMO) and pleasure of discovering high-end luxury at a discount price. (Khán giả phản hồi thực tế: Phân tích từ 11 bình luận thực tế: 18.2% người xem có ý định mua (hỏi link, hỏi chậu, hỏi giá). 0.0% có thắc mắc/nghi ngại về độ chân thực hoặc kích thước.)",Bargain Discovery / Smart Shopper Hook: Opening with 'its perfect 🥹 #amazonfinds #amazonmusthaves #whatiorderedvswhatigot #olivet...' to capture viewer attention within 3 seconds.,"Driven by 191,100 views and 443 saves (14 comments) due to high shareability and home decor reference value. | Ý định mua trong comment: 'Where is the planter from?! 😳, can you send the link dont find it?'","Immediate fear of missing out (FOMO) and pleasure of discovering high-end luxury at a discount price. (Khán giả phản hồi thực tế: Phân tích từ 11 bình luận thực tế: 18.2% người xem có ý định mua (hỏi link, hỏi chậu, hỏi giá). 0.0% có thắc mắc/nghi ngại về độ chân thực hoặc kích thước.)",Curiosity question ('You won't believe this price') -> visual texture zoom -> room transformation -> bio link CTA.,Where is the planter from?! 😳; can you send the link dont find it?,,11,https://www.tiktok.com/@kimmyhav/video/7226551465035353390,its perfect 🥹 #amazonfinds #amazonmusthaves #whatiorderedvswhatigot #olivetree #fauxolivetree  
29,7650603239221644575,llioniemedia,300500,776,10,285,88,0.003857,43.54,2026-06-13,"[ĐÁNH GIÁ NGÁCH]: Cạnh tranh cao với 77 video, nhưng thị trường nóng (19.8M views) nhờ xu hướng trang trí nội thất. Cơ hội cho brand mới là giải quyết nỗi sợ 'plastic' bằng chất liệu thực tế và tạo trải nghiệm setup độc đáo. | [CHIẾN LƯỢC VIDEO #29]: Curiosity question ('You won't believe this price') -> visual texture zoom -> room transformation -> bio link CTA. | [TÂM LÝ KHÁCH]: Immediate fear of missing out (FOMO) and pleasure of discovering high-end luxury at a discount price. (Khán giả phản hồi thực tế: Phân tích từ 5 bình luận thực tế: 20.0% người xem có ý định mua (hỏi link, hỏi chậu, hỏi giá). 0.0% có thắc mắc/nghi ngại về độ chân thực hoặc kích thước.)","Bargain Discovery / Smart Shopper Hook: Opening with 'my fav home item ever! 🫒 potted, 7FT, and so affordable! 🤌🏻✨ #olivetree #ar...' to capture viewer attention within 3 seconds.","Driven by 300,500 views and 285 saves (10 comments) due to high shareability and home decor reference value. | Ý định mua trong comment: 'But the chairs!! Where are they from 😭😍'","Immediate fear of missing out (FOMO) and pleasure of discovering high-end luxury at a discount price. (Khán giả phản hồi thực tế: Phân tích từ 5 bình luận thực tế: 20.0% người xem có ý định mua (hỏi link, hỏi chậu, hỏi giá). 0.0% có thắc mắc/nghi ngại về độ chân thực hoặc kích thước.)",Curiosity question ('You won't believe this price') -> visual texture zoom -> room transformation -> bio link CTA.,But the chairs!! Where are they from 😭😍,,5,https://www.tiktok.com/@llioniemedia/video/7650603239221644575,"my fav home item ever! 🫒 potted, 7FT, and so affordable! 🤌🏻✨ #olivetree #artificialolivetree #homedecor #homefinds #olivetreedecor "
30,7613424740186770718,kimandcrewfinds,186900,845,8,284,134,0.0068,41.7,2026-03-04,"[ĐÁNH GIÁ NGÁCH]: Cạnh tranh cao với 77 video, nhưng thị trường nóng (19.8M views) nhờ xu hướng trang trí nội thất. Cơ hội cho brand mới là giải quyết nỗi sợ 'plastic' bằng chất liệu thực tế và tạo trải nghiệm setup độc đáo. | [CHIẾN LƯỢC VIDEO #30]: Curiosity question ('You won't believe this price') -> visual texture zoom -> room transformation -> bio link CTA. | [TÂM LÝ KHÁCH]: Immediate fear of missing out (FOMO) and pleasure of discovering high-end luxury at a discount price.",Bargain Discovery / Smart Shopper Hook: Opening with 'The perfect olive tree - and it’s affordable #olivetree #fauxplants #fauxol...' to capture viewer attention within 3 seconds.,"Driven by 186,900 views and 284 saves (8 comments) due to high shareability and home decor reference value.",Immediate fear of missing out (FOMO) and pleasure of discovering high-end luxury at a discount price.,Curiosity question ('You won't believe this price') -> visual texture zoom -> room transformation -> bio link CTA.,,,0,https://www.tiktok.com/@kimandcrewfinds/video/7613424740186770718,The perfect olive tree - and it’s affordable #olivetree #fauxplants #fauxolivetree #homedecor #indoorplant 
31,7495705998380895495,xoxo.khaye,16500,213,111,147,208,0.041152,39.76,2025-04-21,"[ĐÁNH GIÁ NGÁCH]: Cạnh tranh cao với 77 video, nhưng thị trường nóng (19.8M views) nhờ xu hướng trang trí nội thất. Cơ hội cho brand mới là giải quyết nỗi sợ 'plastic' bằng chất liệu thực tế và tạo trải nghiệm setup độc đáo. | [CHIẾN LƯỢC VIDEO #31]: 0-3s quick visual reveal -> tactile proof (touching leaves) -> styled living room context -> recommendation. | [TÂM LÝ KHÁCH]: Desire for elevated living space and prestige; validates realistic faux items as tasteful and practical. (Khán giả phản hồi thực tế: Phân tích từ 100 bình luận thực tế: 9.0% người xem có ý định mua (hỏi link, hỏi chậu, hỏi giá). 0.0% có thắc mắc/nghi ngại về độ chân thực hoặc kích thước.)",Aesthetic Transformation / Visual Shock Hook: Opening with 'Make your space aesthetic with this minimalist Artificial Olive Tree — adds...' to capture viewer attention within 3 seconds.,"Driven by 16,500 views and 147 saves (111 comments) due to high shareability and home decor reference value. | Ý định mua trong comment: 'gandaa nito mi❤️💕 anung size nitoo mii 150 po ba?, lovely! ✨ whats the height?, Omg want this in my living room 😩'","Desire for elevated living space and prestige; validates realistic faux items as tasteful and practical. (Khán giả phản hồi thực tế: Phân tích từ 100 bình luận thực tế: 9.0% người xem có ý định mua (hỏi link, hỏi chậu, hỏi giá). 0.0% có thắc mắc/nghi ngại về độ chân thực hoặc kích thước.)",0-3s quick visual reveal -> tactile proof (touching leaves) -> styled living room context -> recommendation.,gandaa nito mi❤️💕 anung size nitoo mii 150 po ba?; lovely! ✨ whats the height?; Omg want this in my living room 😩; wanttt😍,,100,https://www.tiktok.com/@xoxo.khaye/video/7495705998380895495,"Make your space aesthetic with this minimalist Artificial Olive Tree — adds a calm, cozy vibe instantly ✨🍃 #modofo #olivetree #artificialolivetree #artificialtree #minimalisttree #cozyvibe #aesthetic #roomdecor #fyp "
32,7468005111206448430,the_authentic_bestie,578,17,17,7,11,0.089965,39.5,2025-02-06,"[ĐÁNH GIÁ NGÁCH]: Cạnh tranh cao với 77 video, nhưng thị trường nóng (19.8M views) nhờ xu hướng trang trí nội thất. Cơ hội cho brand mới là giải quyết nỗi sợ 'plastic' bằng chất liệu thực tế và tạo trải nghiệm setup độc đáo. | [CHIẾN LƯỢC VIDEO #32]: Natural lifestyle framing -> problem resolution -> seamless product showcase. | [TÂM LÝ KHÁCH]: Emotional connection to cozy living, relieving maintenance anxiety (no watering, no dying plants). (Khán giả phản hồi thực tế: Phân tích từ 8 bình luận thực tế: 12.5% người xem có ý định mua (hỏi link, hỏi chậu, hỏi giá). 0.0% có thắc mắc/nghi ngại về độ chân thực hoặc kích thước.)",Curiosity / Lifestyle Context Hook: Opening with 'Photo silk artificial olive trees are on a flash sale starting out at $35 a...' to capture viewer attention within 3 seconds.,Driven by 578 views and 7 saves (17 comments) due to high shareability and home decor reference value. | Ý định mua trong comment: 'So pretty. Love these so much. I want a 7 foot',"Emotional connection to cozy living, relieving maintenance anxiety (no watering, no dying plants). (Khán giả phản hồi thực tế: Phân tích từ 8 bình luận thực tế: 12.5% người xem có ý định mua (hỏi link, hỏi chậu, hỏi giá). 0.0% có thắc mắc/nghi ngại về độ chân thực hoặc kích thước.)",Natural lifestyle framing -> problem resolution -> seamless product showcase.,So pretty. Love these so much. I want a 7 foot,,8,https://www.tiktok.com/@the_authentic_bestie/video/7468005111206448430,Photo silk artificial olive trees are on a flash sale starting out at $35 and they’ve restocked in the 7 feet #olivetree #fauxolivetree #artificialolivetree 
33,7559394593406553355,sheinhomeandhauls,107200,1394,22,1287,389,0.028843,37.38,2025-10-10,"[ĐÁNH GIÁ NGÁCH]: Cạnh tranh cao với 77 video, nhưng thị trường nóng (19.8M views) nhờ xu hướng trang trí nội thất. Cơ hội cho brand mới là giải quyết nỗi sợ 'plastic' bằng chất liệu thực tế và tạo trải nghiệm setup độc đáo. | [CHIẾN LƯỢC VIDEO #33]: Curiosity question ('You won't believe this price') -> visual texture zoom -> room transformation -> bio link CTA. | [TÂM LÝ KHÁCH]: Immediate fear of missing out (FOMO) and pleasure of discovering high-end luxury at a discount price. (Khán giả phản hồi thực tế: Phân tích từ 14 bình luận thực tế: 85.7% người xem có ý định mua (hỏi link, hỏi chậu, hỏi giá). 0.0% có thắc mắc/nghi ngại về độ chân thực hoặc kích thước.)",Bargain Discovery / Smart Shopper Hook: Opening with 'This $40 Olive Tree from SHEIN really transformed my whole space! #roommake...' to capture viewer attention within 3 seconds.,"Driven by 107,200 views and 1,287 saves (22 comments) due to high shareability and home decor reference value. | Ý định mua trong comment: 'put a spotlight in it, There is no link in yor bio, Link??'","Immediate fear of missing out (FOMO) and pleasure of discovering high-end luxury at a discount price. (Khán giả phản hồi thực tế: Phân tích từ 14 bình luận thực tế: 85.7% người xem có ý định mua (hỏi link, hỏi chậu, hỏi giá). 0.0% có thắc mắc/nghi ngại về độ chân thực hoặc kích thước.)",Curiosity question ('You won't believe this price') -> visual texture zoom -> room transformation -> bio link CTA.,"put a spotlight in it; There is no link in yor bio; Link??; Hello, can I please have the link for the love tree 💚",,14,https://www.tiktok.com/@sheinhomeandhauls/video/7559394593406553355,This $40 Olive Tree from SHEIN really transformed my whole space! #roommakeover #fyp #shein #sheinfinds #homedecor 
34,7600224785527803167,costconewdeals,92000,1014,31,251,426,0.018717,32.09,2026-01-28,"[ĐÁNH GIÁ NGÁCH]: Cạnh tranh cao với 77 video, nhưng thị trường nóng (19.8M views) nhờ xu hướng trang trí nội thất. Cơ hội cho brand mới là giải quyết nỗi sợ 'plastic' bằng chất liệu thực tế và tạo trải nghiệm setup độc đáo. | [CHIẾN LƯỢC VIDEO #34]: Curiosity question ('You won't believe this price') -> visual texture zoom -> room transformation -> bio link CTA. | [TÂM LÝ KHÁCH]: Immediate fear of missing out (FOMO) and pleasure of discovering high-end luxury at a discount price.","Bargain Discovery / Smart Shopper Hook: Opening with '😍 This viral 8’ faux olive tree from costco  is tall, full, and looks way m...' to capture viewer attention within 3 seconds.","Driven by 92,000 views and 251 saves (31 comments) due to high shareability and home decor reference value.",Immediate fear of missing out (FOMO) and pleasure of discovering high-end luxury at a discount price.,Curiosity question ('You won't believe this price') -> visual texture zoom -> room transformation -> bio link CTA.,,,0,https://www.tiktok.com/@costconewdeals/video/7600224785527803167,"😍 This viral 8’ faux olive tree from costco  is tall, full, and looks way more expensive than it is. No watering, no shedding, just instant cozy, elevated vibes. If you’ve been thinking about adding a statement piece to your space, this is a great one  Send this to the friend who’s always redecorating or the one who needs a home refresh ASAP 🌿  #costco #olivetree #costcofinds #costcohome #homedecorfinds"
35,7130260245846412590,heykailymae,79400,1258,26,509,257,0.025819,31.41,2022-08-10,"[ĐÁNH GIÁ NGÁCH]: Cạnh tranh cao với 77 video, nhưng thị trường nóng (19.8M views) nhờ xu hướng trang trí nội thất. Cơ hội cho brand mới là giải quyết nỗi sợ 'plastic' bằng chất liệu thực tế và tạo trải nghiệm setup độc đáo. | [CHIẾN LƯỢC VIDEO #35]: Curiosity question ('You won't believe this price') -> visual texture zoom -> room transformation -> bio link CTA. | [TÂM LÝ KHÁCH]: Immediate fear of missing out (FOMO) and pleasure of discovering high-end luxury at a discount price. (Khán giả phản hồi thực tế: Phân tích từ 13 bình luận thực tế: 69.2% người xem có ý định mua (hỏi link, hỏi chậu, hỏi giá). 7.7% có thắc mắc/nghi ngại về độ chân thực hoặc kích thước.)",Bargain Discovery / Smart Shopper Hook: Opening with '👉🏼this amazon home find is one if my favorites to date! #amazonfinds #homel...' to capture viewer attention within 3 seconds.,"Driven by 79,400 views and 509 saves (26 comments) due to high shareability and home decor reference value. | Ý định mua trong comment: 'Love your olive tree!! what size did you get yours ?, Could you give me the link to this please, Where did you get the planter' & Rào cản/lo lắng: 'a fake tree ?'","Immediate fear of missing out (FOMO) and pleasure of discovering high-end luxury at a discount price. (Khán giả phản hồi thực tế: Phân tích từ 13 bình luận thực tế: 69.2% người xem có ý định mua (hỏi link, hỏi chậu, hỏi giá). 7.7% có thắc mắc/nghi ngại về độ chân thực hoặc kích thước.)",Curiosity question ('You won't believe this price') -> visual texture zoom -> room transformation -> bio link CTA.,Love your olive tree!! what size did you get yours ?; Could you give me the link to this please; Where did you get the planter; How much was it????,a fake tree ?,13,https://www.tiktok.com/@heykailymae/video/7130260245846412590,👉🏼this amazon home find is one if my favorites to date! #amazonfinds #homelife #homefinds #homedecor #fauxolivetree
36,7468448674595474731,bonita.showcase,31800,536,0,34,940,0.047484,25.35,2025-02-07,"[ĐÁNH GIÁ NGÁCH]: Cạnh tranh cao với 77 video, nhưng thị trường nóng (19.8M views) nhờ xu hướng trang trí nội thất. Cơ hội cho brand mới là giải quyết nỗi sợ 'plastic' bằng chất liệu thực tế và tạo trải nghiệm setup độc đáo. | [CHIẾN LƯỢC VIDEO #36]: 0-3s quick visual reveal -> tactile proof (touching leaves) -> styled living room context -> recommendation. | [TÂM LÝ KHÁCH]: Desire for elevated living space and prestige; validates realistic faux items as tasteful and practical.",Aesthetic Transformation / Visual Shock Hook: Opening with '🌿 Bring a natural touch to your home! The 6ft Artificial Olive Tree adds el...' to capture viewer attention within 3 seconds.,"Driven by 31,800 views and 34 saves (0 comments) due to high shareability and home decor reference value.",Desire for elevated living space and prestige; validates realistic faux items as tasteful and practical.,0-3s quick visual reveal -> tactile proof (touching leaves) -> styled living room context -> recommendation.,,,0,https://www.tiktok.com/@bonita.showcase/video/7468448674595474731,"🌿 Bring a natural touch to your home! The 6ft Artificial Olive Tree adds elegance to any corner. 🍃✨ With its realistic branches, vibrant leaves, and lifelike olives, it's a true eye-catcher! 🛍️ Get 15% off with code: kinik15 🔗 Shop now: https://www.shareconn.com/products/6ft-artificial-olive-tree-faux-silk-plant-with-lively-artifical-wood-trunk-and-lifelike-fruits @shareconn #HomeDecor #ArtificialTree #OliveTree #InteriorDesign #Collab "
37,7683933195028434189,jhs164822qi,34,2,0,0,0,0.058824,23.54,2026-09-10,"[ĐÁNH GIÁ NGÁCH]: Cạnh tranh cao với 77 video, nhưng thị trường nóng (19.8M views) nhờ xu hướng trang trí nội thất. Cơ hội cho brand mới là giải quyết nỗi sợ 'plastic' bằng chất liệu thực tế và tạo trải nghiệm setup độc đáo. | [CHIẾN LƯỢC VIDEO #37]: Natural lifestyle framing -> problem resolution -> seamless product showcase. | [TÂM LÝ KHÁCH]: Emotional connection to cozy living, relieving maintenance anxiety (no watering, no dying plants).",Curiosity / Lifestyle Context Hook: Opening with '#artificialolivetree #fauxolivetree #homedecor #artificialplant #Lifelike A...' to capture viewer attention within 3 seconds.,Driven by 34 views and 0 saves (0 comments) due to high shareability and home decor reference value.,"Emotional connection to cozy living, relieving maintenance anxiety (no watering, no dying plants).",Natural lifestyle framing -> problem resolution -> seamless product showcase.,,,0,https://www.tiktok.com/@jhs164822qi/video/7683933195028434189,"#artificialolivetree #fauxolivetree #homedecor #artificialplant #Lifelike Artificial Olive Tree, No Watering Needed, Mediterranean Home Decor"
38,7551217319146540301,lifewithmadisonm,14300,296,39,84,25,0.031049,23.08,2025-09-18,"[ĐÁNH GIÁ NGÁCH]: Cạnh tranh cao với 77 video, nhưng thị trường nóng (19.8M views) nhờ xu hướng trang trí nội thất. Cơ hội cho brand mới là giải quyết nỗi sợ 'plastic' bằng chất liệu thực tế và tạo trải nghiệm setup độc đáo. | [CHIẾN LƯỢC VIDEO #38]: Curiosity question ('You won't believe this price') -> visual texture zoom -> room transformation -> bio link CTA. | [TÂM LÝ KHÁCH]: Immediate fear of missing out (FOMO) and pleasure of discovering high-end luxury at a discount price.",Bargain Discovery / Smart Shopper Hook: Opening with 'love a budget friendly faux tree!!! 👏🏼 in my amazn sf! 💛 #fauxolivetree #am...' to capture viewer attention within 3 seconds.,"Driven by 14,300 views and 84 saves (39 comments) due to high shareability and home decor reference value.",Immediate fear of missing out (FOMO) and pleasure of discovering high-end luxury at a discount price.,Curiosity question ('You won't believe this price') -> visual texture zoom -> room transformation -> bio link CTA.,,,0,https://www.tiktok.com/@lifewithmadisonm/video/7551217319146540301,love a budget friendly faux tree!!! 👏🏼 in my amazn sf! 💛 #fauxolivetree #amazonhome #realead #affordablehomedecor #decoratewithme 
39,7569677522812652831,lifeoflianb,8475,137,42,61,22,0.030914,22.46,2025-11-07,"[ĐÁNH GIÁ NGÁCH]: Cạnh tranh cao với 77 video, nhưng thị trường nóng (19.8M views) nhờ xu hướng trang trí nội thất. Cơ hội cho brand mới là giải quyết nỗi sợ 'plastic' bằng chất liệu thực tế và tạo trải nghiệm setup độc đáo. | [CHIẾN LƯỢC VIDEO #39]: Step-by-step unboxing/crafting -> satisfying reveal -> cost breakdown vs commercial alternatives. | [TÂM LÝ KHÁCH]: Taps into pride of home improvement and cost-saving ingenuity; viewers trust creators who build with their hands.",DIY Craftsmanship / Process Hook: Opening with 'Added a subtle Christmas touch to my faux olive tree so it blends in with t...' to capture viewer attention within 3 seconds.,"Driven by 8,475 views and 61 saves (42 comments) due to high shareability and home decor reference value.",Taps into pride of home improvement and cost-saving ingenuity; viewers trust creators who build with their hands.,Step-by-step unboxing/crafting -> satisfying reveal -> cost breakdown vs commercial alternatives.,,,22,https://www.tiktok.com/@lifeoflianb/video/7569677522812652831,Added a subtle Christmas touch to my faux olive tree so it blends in with the holiday decor! Perfect DIY if you want your plants to match your Christmas aesthetic 🌲🤍✨ #christmasdecor #olivetreedecor #holidaydecor #diychristmasdecor #christmastree 
40,7493964587557981470,iamjustkobby,47800,887,12,144,58,0.023033,21.17,2025-04-17,"[ĐÁNH GIÁ NGÁCH]: Cạnh tranh cao với 77 video, nhưng thị trường nóng (19.8M views) nhờ xu hướng trang trí nội thất. Cơ hội cho brand mới là giải quyết nỗi sợ 'plastic' bằng chất liệu thực tế và tạo trải nghiệm setup độc đáo. | [CHIẾN LƯỢC VIDEO #40]: Curiosity question ('You won't believe this price') -> visual texture zoom -> room transformation -> bio link CTA. | [TÂM LÝ KHÁCH]: Immediate fear of missing out (FOMO) and pleasure of discovering high-end luxury at a discount price.",Bargain Discovery / Smart Shopper Hook: Opening with 'Set up my 6ft faux olive tree with me #indoorplants #homeliving #homedecor ...' to capture viewer attention within 3 seconds.,"Driven by 47,800 views and 144 saves (12 comments) due to high shareability and home decor reference value.",Immediate fear of missing out (FOMO) and pleasure of discovering high-end luxury at a discount price.,Curiosity question ('You won't believe this price') -> visual texture zoom -> room transformation -> bio link CTA.,,,7,https://www.tiktok.com/@iamjustkobby/video/7493964587557981470,Set up my 6ft faux olive tree with me #indoorplants #homeliving #homedecor #homefinds #homeupgrades #interiordesign 
41,7214673041966599466,beigewhitegray,21400,560,14,119,55,0.034953,21.06,2023-03-26,"[ĐÁNH GIÁ NGÁCH]: Cạnh tranh cao với 77 video, nhưng thị trường nóng (19.8M views) nhờ xu hướng trang trí nội thất. Cơ hội cho brand mới là giải quyết nỗi sợ 'plastic' bằng chất liệu thực tế và tạo trải nghiệm setup độc đáo. | [CHIẾN LƯỢC VIDEO #41]: Curiosity question ('You won't believe this price') -> visual texture zoom -> room transformation -> bio link CTA. | [TÂM LÝ KHÁCH]: Immediate fear of missing out (FOMO) and pleasure of discovering high-end luxury at a discount price. (Khán giả phản hồi thực tế: Phân tích từ 10 bình luận thực tế: 80.0% người xem có ý định mua (hỏi link, hỏi chậu, hỏi giá). 0.0% có thắc mắc/nghi ngại về độ chân thực hoặc kích thước.)",Bargain Discovery / Smart Shopper Hook: Opening with 'Showing you step by step how elevate my faux olive tree from amazon. Give i...' to capture viewer attention within 3 seconds.,"Driven by 21,400 views and 119 saves (14 comments) due to high shareability and home decor reference value. | Ý định mua trong comment: 'I love your rug, where is it from?, Such a great tree and planter, Which size is your planter? Medium or large?'","Immediate fear of missing out (FOMO) and pleasure of discovering high-end luxury at a discount price. (Khán giả phản hồi thực tế: Phân tích từ 10 bình luận thực tế: 80.0% người xem có ý định mua (hỏi link, hỏi chậu, hỏi giá). 0.0% có thắc mắc/nghi ngại về độ chân thực hoặc kích thước.)",Curiosity question ('You won't believe this price') -> visual texture zoom -> room transformation -> bio link CTA.,"I love your rug, where is it from?; Such a great tree and planter; Which size is your planter? Medium or large?; And where is the planter from?",,10,https://www.tiktok.com/@beigewhitegray/video/7214673041966599466,Showing you step by step how elevate my faux olive tree from amazon. Give it a try. #fauxolivetree #homedecor #homestylingtiktok #homestylingideas 
42,7676263055776337183,biggie.beauty,290,13,0,2,0,0.051724,20.75,2026-08-21,"[ĐÁNH GIÁ NGÁCH]: Cạnh tranh cao với 77 video, nhưng thị trường nóng (19.8M views) nhờ xu hướng trang trí nội thất. Cơ hội cho brand mới là giải quyết nỗi sợ 'plastic' bằng chất liệu thực tế và tạo trải nghiệm setup độc đáo. | [CHIẾN LƯỢC VIDEO #42]: 0-3s quick visual reveal -> tactile proof (touching leaves) -> styled living room context -> recommendation. | [TÂM LÝ KHÁCH]: Desire for elevated living space and prestige; validates realistic faux items as tasteful and practical.",Aesthetic Transformation / Visual Shock Hook: Opening with 'The faux olive tree that looks way more expensive than it is 🌿🤎 It’s consta...' to capture viewer attention within 3 seconds.,Driven by 290 views and 2 saves (0 comments) due to high shareability and home decor reference value.,Desire for elevated living space and prestige; validates realistic faux items as tasteful and practical.,0-3s quick visual reveal -> tactile proof (touching leaves) -> styled living room context -> recommendation.,,,0,https://www.tiktok.com/@biggie.beauty/video/7676263055776337183,"The faux olive tree that looks way more expensive than it is 🌿🤎 It’s constantly in and out of stock for a reason the texture, fullness, winding branches and realistic leaves make it look like the real thing WITHOUT the maintenance.  One of those pieces that instantly makes a space feel more elevated. ✨ @CEDAFIR Shop #olivetree #fauxplants #homedecor #tiktokshopbacktoschool #tiktokshopcreatorpicks "
43,7541310954215181575,w_agan,4564,37,8,21,99,0.036152,16.97,2025-08-22,"[ĐÁNH GIÁ NGÁCH]: Cạnh tranh cao với 77 video, nhưng thị trường nóng (19.8M views) nhờ xu hướng trang trí nội thất. Cơ hội cho brand mới là giải quyết nỗi sợ 'plastic' bằng chất liệu thực tế và tạo trải nghiệm setup độc đáo. | [CHIẾN LƯỢC VIDEO #43]: Curiosity question ('You won't believe this price') -> visual texture zoom -> room transformation -> bio link CTA. | [TÂM LÝ KHÁCH]: Immediate fear of missing out (FOMO) and pleasure of discovering high-end luxury at a discount price.",Bargain Discovery / Smart Shopper Hook: Opening with 'Just found an affordable artificial olive tree *.`🌿: ^🍃 #olivetree #artific...' to capture viewer attention within 3 seconds.,"Driven by 4,564 views and 21 saves (8 comments) due to high shareability and home decor reference value.",Immediate fear of missing out (FOMO) and pleasure of discovering high-end luxury at a discount price.,Curiosity question ('You won't believe this price') -> visual texture zoom -> room transformation -> bio link CTA.,,,0,https://www.tiktok.com/@w_agan/video/7541310954215181575,Just found an affordable artificial olive tree *.`🌿: ^🍃 #olivetree #artificialplants #artificialflowers #decorations #homedecor 
44,7515204922300763423,taylor_ann_white,22000,300,8,202,74,0.026545,16.62,2025-06-13,"[ĐÁNH GIÁ NGÁCH]: Cạnh tranh cao với 77 video, nhưng thị trường nóng (19.8M views) nhờ xu hướng trang trí nội thất. Cơ hội cho brand mới là giải quyết nỗi sợ 'plastic' bằng chất liệu thực tế và tạo trải nghiệm setup độc đáo. | [CHIẾN LƯỢC VIDEO #44]: Curiosity question ('You won't believe this price') -> visual texture zoom -> room transformation -> bio link CTA. | [TÂM LÝ KHÁCH]: Immediate fear of missing out (FOMO) and pleasure of discovering high-end luxury at a discount price. (Khán giả phản hồi thực tế: Phân tích từ 6 bình luận thực tế: 50.0% người xem có ý định mua (hỏi link, hỏi chậu, hỏi giá). 0.0% có thắc mắc/nghi ngại về độ chân thực hoặc kích thước.)",Bargain Discovery / Smart Shopper Hook: Opening with 'Setting up the perfect 7ft olive tree🫒 This planter was only $30 at hobby l...' to capture viewer attention within 3 seconds.,"Driven by 22,000 views and 202 saves (8 comments) due to high shareability and home decor reference value. | Ý định mua trong comment: 'Oh this is super cute! Perfect sized vase😍, Where is the tree from ?, are you able to link it?'","Immediate fear of missing out (FOMO) and pleasure of discovering high-end luxury at a discount price. (Khán giả phản hồi thực tế: Phân tích từ 6 bình luận thực tế: 50.0% người xem có ý định mua (hỏi link, hỏi chậu, hỏi giá). 0.0% có thắc mắc/nghi ngại về độ chân thực hoặc kích thước.)",Curiosity question ('You won't believe this price') -> visual texture zoom -> room transformation -> bio link CTA.,Oh this is super cute! Perfect sized vase😍; Where is the tree from ?; are you able to link it?,,6,https://www.tiktok.com/@taylor_ann_white/video/7515204922300763423,Setting up the perfect 7ft olive tree🫒 This planter was only $30 at hobby lobby!! #olivetree #fauxolivetree #planter #hobbylobbyfinds #amazonfinds #amazonhome 
45,7574960095914675476,anniesbucketlist,32200,358,2,247,85,0.021491,15.44,2025-11-21,"[ĐÁNH GIÁ NGÁCH]: Cạnh tranh cao với 77 video, nhưng thị trường nóng (19.8M views) nhờ xu hướng trang trí nội thất. Cơ hội cho brand mới là giải quyết nỗi sợ 'plastic' bằng chất liệu thực tế và tạo trải nghiệm setup độc đáo. | [CHIẾN LƯỢC VIDEO #45]: Natural lifestyle framing -> problem resolution -> seamless product showcase. | [TÂM LÝ KHÁCH]: Emotional connection to cozy living, relieving maintenance anxiety (no watering, no dying plants).",Curiosity / Lifestyle Context Hook: Opening with '@ThePlantsCorner Black Friday is now on!! Enjoy 50% OFF + an extra 20% stor...' to capture viewer attention within 3 seconds.,"Driven by 32,200 views and 247 saves (2 comments) due to high shareability and home decor reference value.","Emotional connection to cozy living, relieving maintenance anxiety (no watering, no dying plants).",Natural lifestyle framing -> problem resolution -> seamless product showcase.,,,0,https://www.tiktok.com/@anniesbucketlist/video/7574960095914675476,@ThePlantsCorner Black Friday is now on!! Enjoy 50% OFF + an extra 20% storewide until 30th Nov! If you’ve been looking for artificial plants for indoor or outdoor they have beautiful looking faux plants that are so easy to assemble 🌱 [A D] #theplantscorner #artificalplants #fauxolivetree #artificialolivetree #fauxplantssydney 
46,7509529287771360543,sarah_lifestyle,823,20,2,3,5,0.036452,15.15,2025-05-28,"[ĐÁNH GIÁ NGÁCH]: Cạnh tranh cao với 77 video, nhưng thị trường nóng (19.8M views) nhờ xu hướng trang trí nội thất. Cơ hội cho brand mới là giải quyết nỗi sợ 'plastic' bằng chất liệu thực tế và tạo trải nghiệm setup độc đáo. | [CHIẾN LƯỢC VIDEO #46]: Natural lifestyle framing -> problem resolution -> seamless product showcase. | [TÂM LÝ KHÁCH]: Emotional connection to cozy living, relieving maintenance anxiety (no watering, no dying plants).",Curiosity / Lifestyle Context Hook: Opening with 'Because faux plants are sooooo LOW maintenance 💁🏻‍♀️ #homedecortiktok #faux...' to capture viewer attention within 3 seconds.,Driven by 823 views and 3 saves (2 comments) due to high shareability and home decor reference value.,"Emotional connection to cozy living, relieving maintenance anxiety (no watering, no dying plants).",Natural lifestyle framing -> problem resolution -> seamless product showcase.,,,2,https://www.tiktok.com/@sarah_lifestyle/video/7509529287771360543,Because faux plants are sooooo LOW maintenance 💁🏻‍♀️ #homedecortiktok #fauxolivetree #olivetree #olivetreedecor 
47,7639664950142586133,rushee90,9265,162,8,49,28,0.026659,14.12,2026-05-14,"[ĐÁNH GIÁ NGÁCH]: Cạnh tranh cao với 77 video, nhưng thị trường nóng (19.8M views) nhờ xu hướng trang trí nội thất. Cơ hội cho brand mới là giải quyết nỗi sợ 'plastic' bằng chất liệu thực tế và tạo trải nghiệm setup độc đáo. | [CHIẾN LƯỢC VIDEO #47]: Natural lifestyle framing -> problem resolution -> seamless product showcase. | [TÂM LÝ KHÁCH]: Emotional connection to cozy living, relieving maintenance anxiety (no watering, no dying plants). (Khán giả phản hồi thực tế: Phân tích từ 4 bình luận thực tế: 50.0% người xem có ý định mua (hỏi link, hỏi chậu, hỏi giá). 0.0% có thắc mắc/nghi ngại về độ chân thực hoặc kích thước.)",Curiosity / Lifestyle Context Hook: Opening with 'Let’s style our new olive tree 🌿 After trying (and failing 😅) to keep a rea...' to capture viewer attention within 3 seconds.,"Driven by 9,265 views and 49 saves (8 comments) due to high shareability and home decor reference value. | Ý định mua trong comment: 'where is your pot from?, Where did you get this from?'","Emotional connection to cozy living, relieving maintenance anxiety (no watering, no dying plants). (Khán giả phản hồi thực tế: Phân tích từ 4 bình luận thực tế: 50.0% người xem có ý định mua (hỏi link, hỏi chậu, hỏi giá). 0.0% có thắc mắc/nghi ngại về độ chân thực hoặc kích thước.)",Natural lifestyle framing -> problem resolution -> seamless product showcase.,where is your pot from?; Where did you get this from?,,4,https://www.tiktok.com/@rushee90/video/7639664950142586133,"Let’s style our new olive tree 🌿 After trying (and failing 😅) to keep a real one alive indoors, we finally gave in and got a faux olive tree… and honestly, no regrets. It looks so real and completely changed the space ✨ #olivetree "
48,7465771583324441861,waysavingplants,5285,13,0,7,133,0.02895,12.64,2025-01-31,"[ĐÁNH GIÁ NGÁCH]: Cạnh tranh cao với 77 video, nhưng thị trường nóng (19.8M views) nhờ xu hướng trang trí nội thất. Cơ hội cho brand mới là giải quyết nỗi sợ 'plastic' bằng chất liệu thực tế và tạo trải nghiệm setup độc đáo. | [CHIẾN LƯỢC VIDEO #48]: Natural lifestyle framing -> problem resolution -> seamless product showcase. | [TÂM LÝ KHÁCH]: Emotional connection to cozy living, relieving maintenance anxiety (no watering, no dying plants).",Curiosity / Lifestyle Context Hook: Opening with 'The beauty of an Artificial Olive Tree lies in its ability to effortlessly ...' to capture viewer attention within 3 seconds.,"Driven by 5,285 views and 7 saves (0 comments) due to high shareability and home decor reference value.","Emotional connection to cozy living, relieving maintenance anxiety (no watering, no dying plants).",Natural lifestyle framing -> problem resolution -> seamless product showcase.,,,0,https://www.tiktok.com/@waysavingplants/video/7465771583324441861,"The beauty of an Artificial Olive Tree lies in its ability to effortlessly blend into any room's ambiance. Enhance any space with its lifelike beauty and sophisticated color, making it a favorite choice for staging, photoshoots, and bloggers alike. #interiordesign #homedecor #artificialplants #olivetree "
49,7680923844437232910,elisabeth.janak,164,4,1,0,0,0.030488,12.43,2026-09-02,"[ĐÁNH GIÁ NGÁCH]: Cạnh tranh cao với 77 video, nhưng thị trường nóng (19.8M views) nhờ xu hướng trang trí nội thất. Cơ hội cho brand mới là giải quyết nỗi sợ 'plastic' bằng chất liệu thực tế và tạo trải nghiệm setup độc đáo. | [CHIẾN LƯỢC VIDEO #49]: Natural lifestyle framing -> problem resolution -> seamless product showcase. | [TÂM LÝ KHÁCH]: Emotional connection to cozy living, relieving maintenance anxiety (no watering, no dying plants).",Curiosity / Lifestyle Context Hook: Opening with 'Tik tok shop did not disspoint! Great quality under $160!  https://www.tikt...' to capture viewer attention within 3 seconds.,Driven by 164 views and 0 saves (1 comments) due to high shareability and home decor reference value.,"Emotional connection to cozy living, relieving maintenance anxiety (no watering, no dying plants).",Natural lifestyle framing -> problem resolution -> seamless product showcase.,,,0,https://www.tiktok.com/@elisabeth.janak/video/7680923844437232910,Tik tok shop did not disspoint! Great quality under $160!  https://www.tiktok.com/t/ZT9BW8tkkrEKU-nlJgl/ #fauxolivetree #olivetree #olivetreedecor #indoorplant #fyp #tiktokshop #lifewithmartha 
50,7675536531053989127,findsbykaryle,5653,74,8,25,18,0.022112,11.58,2026-08-19,"[ĐÁNH GIÁ NGÁCH]: Cạnh tranh cao với 77 video, nhưng thị trường nóng (19.8M views) nhờ xu hướng trang trí nội thất. Cơ hội cho brand mới là giải quyết nỗi sợ 'plastic' bằng chất liệu thực tế và tạo trải nghiệm setup độc đáo. | [CHIẾN LƯỢC VIDEO #50]: Natural lifestyle framing -> problem resolution -> seamless product showcase. | [TÂM LÝ KHÁCH]: Emotional connection to cozy living, relieving maintenance anxiety (no watering, no dying plants).",Curiosity / Lifestyle Context Hook: Opening with 'what a beautiful olive tree 🫒😩 #artificialplants #olivetreeplant #roomdecor...' to capture viewer attention within 3 seconds.,"Driven by 5,653 views and 25 saves (8 comments) due to high shareability and home decor reference value.","Emotional connection to cozy living, relieving maintenance anxiety (no watering, no dying plants).",Natural lifestyle framing -> problem resolution -> seamless product showcase.,,,5,https://www.tiktok.com/@findsbykaryle/video/7675536531053989127,what a beautiful olive tree 🫒😩 #artificialplants #olivetreeplant #roomdecor #roomdesign 
51,7470385772726734098,jajapcngrc,6677,45,11,25,52,0.019919,11.5,2025-02-12,"[ĐÁNH GIÁ NGÁCH]: Cạnh tranh cao với 77 video, nhưng thị trường nóng (19.8M views) nhờ xu hướng trang trí nội thất. Cơ hội cho brand mới là giải quyết nỗi sợ 'plastic' bằng chất liệu thực tế và tạo trải nghiệm setup độc đáo. | [CHIẾN LƯỢC VIDEO #51]: 0-3s quick visual reveal -> tactile proof (touching leaves) -> styled living room context -> recommendation. | [TÂM LÝ KHÁCH]: Desire for elevated living space and prestige; validates realistic faux items as tasteful and practical.",Aesthetic Transformation / Visual Shock Hook: Opening with 'pov: you bought artificial olive plant to add aesthetic to your new home ✨🌱...' to capture viewer attention within 3 seconds.,"Driven by 6,677 views and 25 saves (11 comments) due to high shareability and home decor reference value.",Desire for elevated living space and prestige; validates realistic faux items as tasteful and practical.,0-3s quick visual reveal -> tactile proof (touching leaves) -> styled living room context -> recommendation.,,,0,https://www.tiktok.com/@jajapcngrc/video/7470385772726734098,pov: you bought artificial olive plant to add aesthetic to your new home ✨🌱🪴#olivetree #artificialplants #fakeplants #oliveplant #aesthetic #aestheticedits #fyp #foryou 
52,7491770955866426654,bytiffanymarie,31000,150,9,56,16,0.007452,10.98,2025-04-11,"[ĐÁNH GIÁ NGÁCH]: Cạnh tranh cao với 77 video, nhưng thị trường nóng (19.8M views) nhờ xu hướng trang trí nội thất. Cơ hội cho brand mới là giải quyết nỗi sợ 'plastic' bằng chất liệu thực tế và tạo trải nghiệm setup độc đáo. | [CHIẾN LƯỢC VIDEO #52]: Curiosity question ('You won't believe this price') -> visual texture zoom -> room transformation -> bio link CTA. | [TÂM LÝ KHÁCH]: Immediate fear of missing out (FOMO) and pleasure of discovering high-end luxury at a discount price. (Khán giả phản hồi thực tế: Phân tích từ 6 bình luận thực tế: 16.7% người xem có ý định mua (hỏi link, hỏi chậu, hỏi giá). 0.0% có thắc mắc/nghi ngại về độ chân thực hoặc kích thước.)",Bargain Discovery / Smart Shopper Hook: Opening with 'Replying to @ELLIE Currently on flash sale today but I’m not sure how long ...' to capture viewer attention within 3 seconds.,"Driven by 31,000 views and 56 saves (9 comments) due to high shareability and home decor reference value. | Ý định mua trong comment: 'Where did you get the pot??'","Immediate fear of missing out (FOMO) and pleasure of discovering high-end luxury at a discount price. (Khán giả phản hồi thực tế: Phân tích từ 6 bình luận thực tế: 16.7% người xem có ý định mua (hỏi link, hỏi chậu, hỏi giá). 0.0% có thắc mắc/nghi ngại về độ chân thực hoặc kích thước.)",Curiosity question ('You won't believe this price') -> visual texture zoom -> room transformation -> bio link CTA.,Where did you get the pot??,,6,https://www.tiktok.com/@bytiffanymarie/video/7491770955866426654,"Replying to @ELLIE Currently on flash sale today but I’m not sure how long that will be, grab it if you’ve been eyeing it🤎 #artificaltree #artificalolivetree #olivetree #artificialplants #fauxplants #fauxolivetree #homedecorideas #affordablehomedecor "
53,7670719047691996430,funnybug.animations,37,1,0,0,0,0.027027,10.82,2026-08-06,"[ĐÁNH GIÁ NGÁCH]: Cạnh tranh cao với 77 video, nhưng thị trường nóng (19.8M views) nhờ xu hướng trang trí nội thất. Cơ hội cho brand mới là giải quyết nỗi sợ 'plastic' bằng chất liệu thực tế và tạo trải nghiệm setup độc đáo. | [CHIẾN LƯỢC VIDEO #53]: 0-3s quick visual reveal -> tactile proof (touching leaves) -> styled living room context -> recommendation. | [TÂM LÝ KHÁCH]: Desire for elevated living space and prestige; validates realistic faux items as tasteful and practical.",Aesthetic Transformation / Visual Shock Hook: Opening with 'Style your space in minutes with a realistic faux olive tree 🌴  adjustable ...' to capture viewer attention within 3 seconds.,Driven by 37 views and 0 saves (0 comments) due to high shareability and home decor reference value.,Desire for elevated living space and prestige; validates realistic faux items as tasteful and practical.,0-3s quick visual reveal -> tactile proof (touching leaves) -> styled living room context -> recommendation.,,,0,https://www.tiktok.com/@funnybug.animations/video/7670719047691996430,"Style your space in minutes with a realistic faux olive tree 🌴  adjustable branches, natural-looking leaves, and timeless greenery.  One artificial olive tree, endless ways to decorate.  #fauxolivetree #fakeplants #homedecor #livingroomdecor #olivertree "
54,7609781567099030815,itisthesweetestlife,948,11,6,3,1,0.022152,10.25,2026-02-23,"[ĐÁNH GIÁ NGÁCH]: Cạnh tranh cao với 77 video, nhưng thị trường nóng (19.8M views) nhờ xu hướng trang trí nội thất. Cơ hội cho brand mới là giải quyết nỗi sợ 'plastic' bằng chất liệu thực tế và tạo trải nghiệm setup độc đáo. | [CHIẾN LƯỢC VIDEO #54]: Natural lifestyle framing -> problem resolution -> seamless product showcase. | [TÂM LÝ KHÁCH]: Emotional connection to cozy living, relieving maintenance anxiety (no watering, no dying plants).",Curiosity / Lifestyle Context Hook: Opening with '#creatorsearchinsights #faux #olivetree #tiktokshop #homedecor...' to capture viewer attention within 3 seconds.,Driven by 948 views and 3 saves (6 comments) due to high shareability and home decor reference value.,"Emotional connection to cozy living, relieving maintenance anxiety (no watering, no dying plants).",Natural lifestyle framing -> problem resolution -> seamless product showcase.,,,3,https://www.tiktok.com/@itisthesweetestlife/video/7609781567099030815,#creatorsearchinsights #faux #olivetree #tiktokshop #homedecor
55,7664467471457324301,llioniemedia,41200,104,0,54,18,0.004272,9.95,2026-07-20,"[ĐÁNH GIÁ NGÁCH]: Cạnh tranh cao với 77 video, nhưng thị trường nóng (19.8M views) nhờ xu hướng trang trí nội thất. Cơ hội cho brand mới là giải quyết nỗi sợ 'plastic' bằng chất liệu thực tế và tạo trải nghiệm setup độc đáo. | [CHIẾN LƯỢC VIDEO #55]: Curiosity question ('You won't believe this price') -> visual texture zoom -> room transformation -> bio link CTA. | [TÂM LÝ KHÁCH]: Immediate fear of missing out (FOMO) and pleasure of discovering high-end luxury at a discount price.",Bargain Discovery / Smart Shopper Hook: Opening with 'so realistic & so affordable 🤌🏻✨ #fauxolivetree #artificialolivetree #homef...' to capture viewer attention within 3 seconds.,"Driven by 41,200 views and 54 saves (0 comments) due to high shareability and home decor reference value.",Immediate fear of missing out (FOMO) and pleasure of discovering high-end luxury at a discount price.,Curiosity question ('You won't believe this price') -> visual texture zoom -> room transformation -> bio link CTA.,,,0,https://www.tiktok.com/@llioniemedia/video/7664467471457324301,so realistic & so affordable 🤌🏻✨ #fauxolivetree #artificialolivetree #homefinds #olivetree #tiktokgogrow  
56,7494666178678312222,_brookehoppe,13500,113,6,38,27,0.01363,9.35,2025-04-18,"[ĐÁNH GIÁ NGÁCH]: Cạnh tranh cao với 77 video, nhưng thị trường nóng (19.8M views) nhờ xu hướng trang trí nội thất. Cơ hội cho brand mới là giải quyết nỗi sợ 'plastic' bằng chất liệu thực tế và tạo trải nghiệm setup độc đáo. | [CHIẾN LƯỢC VIDEO #56]: Curiosity question ('You won't believe this price') -> visual texture zoom -> room transformation -> bio link CTA. | [TÂM LÝ KHÁCH]: Immediate fear of missing out (FOMO) and pleasure of discovering high-end luxury at a discount price.",Bargain Discovery / Smart Shopper Hook: Opening with 'Linked on my Amazon storefront 🫒🌿 Can’t get over how realistic this tree lo...' to capture viewer attention within 3 seconds.,"Driven by 13,500 views and 38 saves (6 comments) due to high shareability and home decor reference value.",Immediate fear of missing out (FOMO) and pleasure of discovering high-end luxury at a discount price.,Curiosity question ('You won't believe this price') -> visual texture zoom -> room transformation -> bio link CTA.,,,5,https://www.tiktok.com/@_brookehoppe/video/7494666178678312222,"Linked on my Amazon storefront 🫒🌿 Can’t get over how realistic this tree looks! This plant does tend to sell out fast, so I would run while they’re still in stock @realead_official #olivetree #amazonolivetree #fauxolivetree #amazonhome #bedroomdesign #bedroomdecor #olivetreedecor "
57,7678938054706433293,naturally_michelle,33800,79,4,43,11,0.004053,9.18,2026-08-28,"[ĐÁNH GIÁ NGÁCH]: Cạnh tranh cao với 77 video, nhưng thị trường nóng (19.8M views) nhờ xu hướng trang trí nội thất. Cơ hội cho brand mới là giải quyết nỗi sợ 'plastic' bằng chất liệu thực tế và tạo trải nghiệm setup độc đáo. | [CHIẾN LƯỢC VIDEO #57]: 0-3s quick visual reveal -> tactile proof (touching leaves) -> styled living room context -> recommendation. | [TÂM LÝ KHÁCH]: Desire for elevated living space and prestige; validates realistic faux items as tasteful and practical.","Aesthetic Transformation / Visual Shock Hook: Opening with 'The olive tree that's perfect for your living room, office, bedroom or any ...' to capture viewer attention within 3 seconds.","Driven by 33,800 views and 43 saves (4 comments) due to high shareability and home decor reference value.",Desire for elevated living space and prestige; validates realistic faux items as tasteful and practical.,0-3s quick visual reveal -> tactile proof (touching leaves) -> styled living room context -> recommendation.,,,0,https://www.tiktok.com/@naturally_michelle/video/7678938054706433293,"The olive tree that's perfect for your living room, office, bedroom or any corner of your house. #fauxolivetree #olivetree #homedecor #neutralaesthetic "
58,7455412586293562629,waysavingplants,19100,65,9,50,40,0.008586,9.05,2025-01-03,"[ĐÁNH GIÁ NGÁCH]: Cạnh tranh cao với 77 video, nhưng thị trường nóng (19.8M views) nhờ xu hướng trang trí nội thất. Cơ hội cho brand mới là giải quyết nỗi sợ 'plastic' bằng chất liệu thực tế và tạo trải nghiệm setup độc đáo. | [CHIẾN LƯỢC VIDEO #58]: 0-3s quick visual reveal -> tactile proof (touching leaves) -> styled living room context -> recommendation. | [TÂM LÝ KHÁCH]: Desire for elevated living space and prestige; validates realistic faux items as tasteful and practical. (Khán giả phản hồi thực tế: Phân tích từ 7 bình luận thực tế: 42.9% người xem có ý định mua (hỏi link, hỏi chậu, hỏi giá). 0.0% có thắc mắc/nghi ngại về độ chân thực hoặc kích thước.)",Aesthetic Transformation / Visual Shock Hook: Opening with 'Talk about making a statement! 🌿 This 8ft artificial olive tree is serving ...' to capture viewer attention within 3 seconds.,"Driven by 19,100 views and 50 saves (9 comments) due to high shareability and home decor reference value. | Ý định mua trong comment: 'Can you send a link to purchase?, Hey there, Is this the Dr Planzen from Home Depot?, Where did you get the olive tree from'","Desire for elevated living space and prestige; validates realistic faux items as tasteful and practical. (Khán giả phản hồi thực tế: Phân tích từ 7 bình luận thực tế: 42.9% người xem có ý định mua (hỏi link, hỏi chậu, hỏi giá). 0.0% có thắc mắc/nghi ngại về độ chân thực hoặc kích thước.)",0-3s quick visual reveal -> tactile proof (touching leaves) -> styled living room context -> recommendation.,"Can you send a link to purchase?; Hey there, Is this the Dr Planzen from Home Depot?; Where did you get the olive tree from",,7,https://www.tiktok.com/@waysavingplants/video/7455412586293562629,Talk about making a statement! 🌿 This 8ft artificial olive tree is serving MAJOR Mediterranean vibes—no watering required. Perfect for adding life to any room without the maintenance 🪴✨. Who else is obsessed with giant greenery? #InteriorInspo #OliveTreeDecor #GreenThumbGoals #OliveTreeAesthetic #HomeDecorGoals #ArtificialPlants #FauxFoliage #InteriorDesignIdeas
59,7666520337630170381,naturally_michelle,33400,76,1,42,18,0.004102,8.52,2026-07-26,"[ĐÁNH GIÁ NGÁCH]: Cạnh tranh cao với 77 video, nhưng thị trường nóng (19.8M views) nhờ xu hướng trang trí nội thất. Cơ hội cho brand mới là giải quyết nỗi sợ 'plastic' bằng chất liệu thực tế và tạo trải nghiệm setup độc đáo. | [CHIẾN LƯỢC VIDEO #59]: 0-3s quick visual reveal -> tactile proof (touching leaves) -> styled living room context -> recommendation. | [TÂM LÝ KHÁCH]: Desire for elevated living space and prestige; validates realistic faux items as tasteful and practical.","Aesthetic Transformation / Visual Shock Hook: Opening with 'The olive tree that's perfect for your living room, office or any corner of...' to capture viewer attention within 3 seconds.","Driven by 33,400 views and 42 saves (1 comments) due to high shareability and home decor reference value.",Desire for elevated living space and prestige; validates realistic faux items as tasteful and practical.,0-3s quick visual reveal -> tactile proof (touching leaves) -> styled living room context -> recommendation.,,,1,https://www.tiktok.com/@naturally_michelle/video/7666520337630170381,"The olive tree that's perfect for your living room, office or any corner of the house 🌿 #fauxolivetree #olivetree #homedecor #neutralaesthetic"
60,7651658211270872342,the.alisting,12700,40,8,37,46,0.010315,8.27,2026-06-15,"[ĐÁNH GIÁ NGÁCH]: Cạnh tranh cao với 77 video, nhưng thị trường nóng (19.8M views) nhờ xu hướng trang trí nội thất. Cơ hội cho brand mới là giải quyết nỗi sợ 'plastic' bằng chất liệu thực tế và tạo trải nghiệm setup độc đáo. | [CHIẾN LƯỢC VIDEO #60]: Natural lifestyle framing -> problem resolution -> seamless product showcase. | [TÂM LÝ KHÁCH]: Emotional connection to cozy living, relieving maintenance anxiety (no watering, no dying plants). (Khán giả phản hồi thực tế: Phân tích từ 5 bình luận thực tế: 20.0% người xem có ý định mua (hỏi link, hỏi chậu, hỏi giá). 0.0% có thắc mắc/nghi ngại về độ chân thực hoặc kích thước.)",Curiosity / Lifestyle Context Hook: Opening with 'Artificial olive tree for living room decor 🫒  #homedecorideas #fauxplants ...' to capture viewer attention within 3 seconds.,"Driven by 12,700 views and 37 saves (8 comments) due to high shareability and home decor reference value. | Ý định mua trong comment: 'Does it come with pot?'","Emotional connection to cozy living, relieving maintenance anxiety (no watering, no dying plants). (Khán giả phản hồi thực tế: Phân tích từ 5 bình luận thực tế: 20.0% người xem có ý định mua (hỏi link, hỏi chậu, hỏi giá). 0.0% có thắc mắc/nghi ngại về độ chân thực hoặc kích thước.)",Natural lifestyle framing -> problem resolution -> seamless product showcase.,Does it come with pot?,,5,https://www.tiktok.com/@the.alisting/video/7651658211270872342,Artificial olive tree for living room decor 🫒  #homedecorideas #fauxplants #olivetree #olivetrees #livingroomdecor 
61,7639541788092517650,theplantscorner,3186,23,4,14,9,0.015694,7.71,2026-05-14,"[ĐÁNH GIÁ NGÁCH]: Cạnh tranh cao với 77 video, nhưng thị trường nóng (19.8M views) nhờ xu hướng trang trí nội thất. Cơ hội cho brand mới là giải quyết nỗi sợ 'plastic' bằng chất liệu thực tế và tạo trải nghiệm setup độc đáo. | [CHIẾN LƯỢC VIDEO #61]: 0-3s quick visual reveal -> tactile proof (touching leaves) -> styled living room context -> recommendation. | [TÂM LÝ KHÁCH]: Desire for elevated living space and prestige; validates realistic faux items as tasteful and practical. (Khán giả phản hồi thực tế: Phân tích từ 3 bình luận thực tế: 33.3% người xem có ý định mua (hỏi link, hỏi chậu, hỏi giá). 0.0% có thắc mắc/nghi ngại về độ chân thực hoặc kích thước.)",Aesthetic Transformation / Visual Shock Hook: Opening with 'Elevate your space with our ultra-realistic 180cm faux olive tree 🌿✨ The pe...' to capture viewer attention within 3 seconds.,"Driven by 3,186 views and 14 saves (4 comments) due to high shareability and home decor reference value. | Ý định mua trong comment: 'You can ship to Canada'","Desire for elevated living space and prestige; validates realistic faux items as tasteful and practical. (Khán giả phản hồi thực tế: Phân tích từ 3 bình luận thực tế: 33.3% người xem có ý định mua (hỏi link, hỏi chậu, hỏi giá). 0.0% có thắc mắc/nghi ngại về độ chân thực hoặc kích thước.)",0-3s quick visual reveal -> tactile proof (touching leaves) -> styled living room context -> recommendation.,You can ship to Canada,,3,https://www.tiktok.com/@theplantscorner/video/7639541788092517650,Elevate your space with our ultra-realistic 180cm faux olive tree 🌿✨ The perfect touch of Mediterranean luxe for any corner of your home 🤍🏡 #FauxOliveTree #ArtificialOliveTree #HomeStyling #InteriorInspo #LuxuryHomeDecor          
62,7645784810136407326,christykomorowski,1762,16,4,6,1,0.015323,7.28,2026-05-31,"[ĐÁNH GIÁ NGÁCH]: Cạnh tranh cao với 77 video, nhưng thị trường nóng (19.8M views) nhờ xu hướng trang trí nội thất. Cơ hội cho brand mới là giải quyết nỗi sợ 'plastic' bằng chất liệu thực tế và tạo trải nghiệm setup độc đáo. | [CHIẾN LƯỢC VIDEO #62]: Curiosity question ('You won't believe this price') -> visual texture zoom -> room transformation -> bio link CTA. | [TÂM LÝ KHÁCH]: Immediate fear of missing out (FOMO) and pleasure of discovering high-end luxury at a discount price.",Bargain Discovery / Smart Shopper Hook: Opening with 'I love a good faux olive tree in my space 🤍🤌🏼🍃 #fauxolivetree #olivertree #...' to capture viewer attention within 3 seconds.,"Driven by 1,762 views and 6 saves (4 comments) due to high shareability and home decor reference value.",Immediate fear of missing out (FOMO) and pleasure of discovering high-end luxury at a discount price.,Curiosity question ('You won't believe this price') -> visual texture zoom -> room transformation -> bio link CTA.,,,4,https://www.tiktok.com/@christykomorowski/video/7645784810136407326,I love a good faux olive tree in my space 🤍🤌🏼🍃 #fauxolivetree #olivertree #homedecor #homedecorideas #dealsforyoudays 
63,7670494417131769101,funnybug.animations,55,1,0,0,0,0.018182,7.28,2026-08-06,"[ĐÁNH GIÁ NGÁCH]: Cạnh tranh cao với 77 video, nhưng thị trường nóng (19.8M views) nhờ xu hướng trang trí nội thất. Cơ hội cho brand mới là giải quyết nỗi sợ 'plastic' bằng chất liệu thực tế và tạo trải nghiệm setup độc đáo. | [CHIẾN LƯỢC VIDEO #63]: 0-3s quick visual reveal -> tactile proof (touching leaves) -> styled living room context -> recommendation. | [TÂM LÝ KHÁCH]: Desire for elevated living space and prestige; validates realistic faux items as tasteful and practical.",Aesthetic Transformation / Visual Shock Hook: Opening with 'Give your space an instant designer upgrade with a realistic faux olive tre...' to capture viewer attention within 3 seconds.,Driven by 55 views and 0 saves (0 comments) due to high shareability and home decor reference value.,Desire for elevated living space and prestige; validates realistic faux items as tasteful and practical.,0-3s quick visual reveal -> tactile proof (touching leaves) -> styled living room context -> recommendation.,,,0,https://www.tiktok.com/@funnybug.animations/video/7670494417131769101,"Give your space an instant designer upgrade with a realistic faux olive tree. It adds height, softness and natural style to any empty corner without watering, sunlight or upkeep. One artificial olive tree, year round beauty.  #fauxolivetree #fakeplants #homedecor #ArtificialOliveTree #olivertree "
64,7680016302227885343,vani.rose4,358,4,2,0,0,0.01676,7.18,2026-08-31,"[ĐÁNH GIÁ NGÁCH]: Cạnh tranh cao với 77 video, nhưng thị trường nóng (19.8M views) nhờ xu hướng trang trí nội thất. Cơ hội cho brand mới là giải quyết nỗi sợ 'plastic' bằng chất liệu thực tế và tạo trải nghiệm setup độc đáo. | [CHIẾN LƯỢC VIDEO #64]: 0-3s quick visual reveal -> tactile proof (touching leaves) -> styled living room context -> recommendation. | [TÂM LÝ KHÁCH]: Desire for elevated living space and prestige; validates realistic faux items as tasteful and practical.",Aesthetic Transformation / Visual Shock Hook: Opening with 'the most realistic faux olive tree 🫒🤎✨  #fauxplants #fauxolivetree #olivetr...' to capture viewer attention within 3 seconds.,Driven by 358 views and 0 saves (2 comments) due to high shareability and home decor reference value.,Desire for elevated living space and prestige; validates realistic faux items as tasteful and practical.,0-3s quick visual reveal -> tactile proof (touching leaves) -> styled living room context -> recommendation.,,,1,https://www.tiktok.com/@vani.rose4/video/7680016302227885343,the most realistic faux olive tree 🫒🤎✨  #fauxplants #fauxolivetree #olivetree #homedecorideas 
65,7671572391092407582,fittogether_65,26000,37,0,22,14,0.002808,6.32,2026-08-08,"[ĐÁNH GIÁ NGÁCH]: Cạnh tranh cao với 77 video, nhưng thị trường nóng (19.8M views) nhờ xu hướng trang trí nội thất. Cơ hội cho brand mới là giải quyết nỗi sợ 'plastic' bằng chất liệu thực tế và tạo trải nghiệm setup độc đáo. | [CHIẾN LƯỢC VIDEO #65]: Curiosity question ('You won't believe this price') -> visual texture zoom -> room transformation -> bio link CTA. | [TÂM LÝ KHÁCH]: Immediate fear of missing out (FOMO) and pleasure of discovering high-end luxury at a discount price.","Bargain Discovery / Smart Shopper Hook: Opening with 'realistic artificial olive tree, faux olive tree, fake olive tree, realisti...' to capture viewer attention within 3 seconds.","Driven by 26,000 views and 22 saves (0 comments) due to high shareability and home decor reference value.",Immediate fear of missing out (FOMO) and pleasure of discovering high-end luxury at a discount price.,Curiosity question ('You won't believe this price') -> visual texture zoom -> room transformation -> bio link CTA.,,,0,https://www.tiktok.com/@fittogether_65/video/7671572391092407582,"realistic artificial olive tree, faux olive tree, fake olive tree, realistic fake tree, artificial indoor tree, 5 foot olive tree, 6 foot olive tree, 7 foot olive tree, 8 foot olive tree, tall faux tree, living room decor, artificial plants, modern home decor, luxury home aesthetic, indoor tree decor #OliveTree #FauxPlants #HomeDecor #InteriorDesign #TikTokFinds"
66,7543425980568800567,madelineileen,4040,29,5,5,4,0.010644,6.07,2025-08-28,"[ĐÁNH GIÁ NGÁCH]: Cạnh tranh cao với 77 video, nhưng thị trường nóng (19.8M views) nhờ xu hướng trang trí nội thất. Cơ hội cho brand mới là giải quyết nỗi sợ 'plastic' bằng chất liệu thực tế và tạo trải nghiệm setup độc đáo. | [CHIẾN LƯỢC VIDEO #66]: Natural lifestyle framing -> problem resolution -> seamless product showcase. | [TÂM LÝ KHÁCH]: Emotional connection to cozy living, relieving maintenance anxiety (no watering, no dying plants).",Curiosity / Lifestyle Context Hook: Opening with 'Another IKEA hack lol #fyp #ikeahack #interiordesign #fauxolivetree @IKEA ...' to capture viewer attention within 3 seconds.,"Driven by 4,040 views and 5 saves (5 comments) due to high shareability and home decor reference value.","Emotional connection to cozy living, relieving maintenance anxiety (no watering, no dying plants).",Natural lifestyle framing -> problem resolution -> seamless product showcase.,,,2,https://www.tiktok.com/@madelineileen/video/7543425980568800567,Another IKEA hack lol #fyp #ikeahack #interiordesign #fauxolivetree @IKEA 
67,7462435558640635182,thegregglifeofkelly,1815,7,6,4,3,0.011019,5.97,2025-01-22,"[ĐÁNH GIÁ NGÁCH]: Cạnh tranh cao với 77 video, nhưng thị trường nóng (19.8M views) nhờ xu hướng trang trí nội thất. Cơ hội cho brand mới là giải quyết nỗi sợ 'plastic' bằng chất liệu thực tế và tạo trải nghiệm setup độc đáo. | [CHIẾN LƯỢC VIDEO #67]: Natural lifestyle framing -> problem resolution -> seamless product showcase. | [TÂM LÝ KHÁCH]: Emotional connection to cozy living, relieving maintenance anxiety (no watering, no dying plants). (Khán giả phản hồi thực tế: Phân tích từ 3 bình luận thực tế: 66.7% người xem có ý định mua (hỏi link, hỏi chậu, hỏi giá). 0.0% có thắc mắc/nghi ngại về độ chân thực hoặc kích thước.)",Curiosity / Lifestyle Context Hook: Opening with 'Here is your faux olive tree on a budget! It will elevate your space! #crea...' to capture viewer attention within 3 seconds.,"Driven by 1,815 views and 4 saves (6 comments) due to high shareability and home decor reference value. | Ý định mua trong comment: 'that looks so nice and what a great price, Seriously such a great price!'","Emotional connection to cozy living, relieving maintenance anxiety (no watering, no dying plants). (Khán giả phản hồi thực tế: Phân tích từ 3 bình luận thực tế: 66.7% người xem có ý định mua (hỏi link, hỏi chậu, hỏi giá). 0.0% có thắc mắc/nghi ngại về độ chân thực hoặc kích thước.)",Natural lifestyle framing -> problem resolution -> seamless product showcase.,that looks so nice and what a great price; Seriously such a great price!,,3,https://www.tiktok.com/@thegregglifeofkelly/video/7462435558640635182,Here is your faux olive tree on a budget! It will elevate your space! #creatorsearchinsights #fauxtree #tree #trees #homedecor #onabudget 
68,7660508186595659022,karasjourney5,760,7,2,0,1,0.013158,5.82,2026-07-09,"[ĐÁNH GIÁ NGÁCH]: Cạnh tranh cao với 77 video, nhưng thị trường nóng (19.8M views) nhờ xu hướng trang trí nội thất. Cơ hội cho brand mới là giải quyết nỗi sợ 'plastic' bằng chất liệu thực tế và tạo trải nghiệm setup độc đáo. | [CHIẾN LƯỢC VIDEO #68]: Natural lifestyle framing -> problem resolution -> seamless product showcase. | [TÂM LÝ KHÁCH]: Emotional connection to cozy living, relieving maintenance anxiety (no watering, no dying plants).",Curiosity / Lifestyle Context Hook: Opening with 'Bring timeless greenery into your home—this faux olive tree comes ready to ...' to capture viewer attention within 3 seconds.,Driven by 760 views and 0 saves (2 comments) due to high shareability and home decor reference value.,"Emotional connection to cozy living, relieving maintenance anxiety (no watering, no dying plants).",Natural lifestyle framing -> problem resolution -> seamless product showcase.,,,1,https://www.tiktok.com/@karasjourney5/video/7660508186595659022,Bring timeless greenery into your home—this faux olive tree comes ready to display in its own pot. 🌿 Perfect for adding a natural touch with zero maintenance! #FauxOliveTree #HomeDecor #OliveTree #HomeStyling #InteriorDecor
69,7543982020700015885,courtneestagner12,7096,59,3,2,0,0.009019,5.63,2025-08-29,"[ĐÁNH GIÁ NGÁCH]: Cạnh tranh cao với 77 video, nhưng thị trường nóng (19.8M views) nhờ xu hướng trang trí nội thất. Cơ hội cho brand mới là giải quyết nỗi sợ 'plastic' bằng chất liệu thực tế và tạo trải nghiệm setup độc đáo. | [CHIẾN LƯỢC VIDEO #69]: Step-by-step unboxing/crafting -> satisfying reveal -> cost breakdown vs commercial alternatives. | [TÂM LÝ KHÁCH]: Taps into pride of home improvement and cost-saving ingenuity; viewers trust creators who build with their hands. (Khán giả phản hồi thực tế: Phân tích từ 2 bình luận thực tế: 50.0% người xem có ý định mua (hỏi link, hỏi chậu, hỏi giá). 0.0% có thắc mắc/nghi ngại về độ chân thực hoặc kích thước.)","DIY Craftsmanship / Process Hook: Opening with 'Fake, fabulous, and forever green 💚 #fauxolivetree #lifelikeolivetree #fake...' to capture viewer attention within 3 seconds.","Driven by 7,096 views and 2 saves (3 comments) due to high shareability and home decor reference value. | Ý định mua trong comment: 'It should be more perfect with a flower pot.🥰'","Taps into pride of home improvement and cost-saving ingenuity; viewers trust creators who build with their hands. (Khán giả phản hồi thực tế: Phân tích từ 2 bình luận thực tế: 50.0% người xem có ý định mua (hỏi link, hỏi chậu, hỏi giá). 0.0% có thắc mắc/nghi ngại về độ chân thực hoặc kích thước.)",Step-by-step unboxing/crafting -> satisfying reveal -> cost breakdown vs commercial alternatives.,It should be more perfect with a flower pot.🥰,,2,https://www.tiktok.com/@courtneestagner12/video/7543982020700015885,"Fake, fabulous, and forever green 💚 #fauxolivetree #lifelikeolivetree #fakeolivetree #tiktokmademebuyit "
70,7647372874952625439,fittogether_65,1226,7,4,1,0,0.009788,4.96,2026-06-05,"[ĐÁNH GIÁ NGÁCH]: Cạnh tranh cao với 77 video, nhưng thị trường nóng (19.8M views) nhờ xu hướng trang trí nội thất. Cơ hội cho brand mới là giải quyết nỗi sợ 'plastic' bằng chất liệu thực tế và tạo trải nghiệm setup độc đáo. | [CHIẾN LƯỢC VIDEO #70]: Curiosity question ('You won't believe this price') -> visual texture zoom -> room transformation -> bio link CTA. | [TÂM LÝ KHÁCH]: Immediate fear of missing out (FOMO) and pleasure of discovering high-end luxury at a discount price. (Khán giả phản hồi thực tế: Phân tích từ 3 bình luận thực tế: 66.7% người xem có ý định mua (hỏi link, hỏi chậu, hỏi giá). 0.0% có thắc mắc/nghi ngại về độ chân thực hoặc kích thước.)","Bargain Discovery / Smart Shopper Hook: Opening with '7 foot olive tree, realistic artificial olive tree, faux olive tree with po...' to capture viewer attention within 3 seconds.","Driven by 1,226 views and 1 saves (4 comments) due to high shareability and home decor reference value. | Ý định mua trong comment: 'Absolutely love ours, thanks for sharing this link, The other ones don’t come with the pot.'","Immediate fear of missing out (FOMO) and pleasure of discovering high-end luxury at a discount price. (Khán giả phản hồi thực tế: Phân tích từ 3 bình luận thực tế: 66.7% người xem có ý định mua (hỏi link, hỏi chậu, hỏi giá). 0.0% có thắc mắc/nghi ngại về độ chân thực hoặc kích thước.)",Curiosity question ('You won't believe this price') -> visual texture zoom -> room transformation -> bio link CTA.,"Absolutely love ours, thanks for sharing this link; The other ones don’t come with the pot.",,3,https://www.tiktok.com/@fittogether_65/video/7647372874952625439,"7 foot olive tree, realistic artificial olive tree, faux olive tree with pot, large indoor olive tree, easy assembly home decor, realistic fake plant, living room decor tree, home decor upgrade, maintenance free plant, modern farmhouse decor, decorative indoor tree, artificial plant with planter, office decor tree, affordable luxury home decor, TikTok home finds #homedecor #olivetree #fauxplant #homefinds #tiktokshopfinds"
71,7684096339239554335,aliciasfaves,648,5,0,2,0,0.010802,4.45,2026-09-11,"[ĐÁNH GIÁ NGÁCH]: Cạnh tranh cao với 77 video, nhưng thị trường nóng (19.8M views) nhờ xu hướng trang trí nội thất. Cơ hội cho brand mới là giải quyết nỗi sợ 'plastic' bằng chất liệu thực tế và tạo trải nghiệm setup độc đáo. | [CHIẾN LƯỢC VIDEO #71]: Natural lifestyle framing -> problem resolution -> seamless product showcase. | [TÂM LÝ KHÁCH]: Emotional connection to cozy living, relieving maintenance anxiety (no watering, no dying plants).",Curiosity / Lifestyle Context Hook: Opening with 'I didn’t think I’d like it this much but this faux olive tree is really doi...' to capture viewer attention within 3 seconds.,Driven by 648 views and 2 saves (0 comments) due to high shareability and home decor reference value.,"Emotional connection to cozy living, relieving maintenance anxiety (no watering, no dying plants).",Natural lifestyle framing -> problem resolution -> seamless product showcase.,,,0,https://www.tiktok.com/@aliciasfaves/video/7684096339239554335,I didn’t think I’d like it this much but this faux olive tree is really doing something special for the vibe in my bedroom 😍 #homedecor #fauxplants #olivetree #bedroommakeover #bedroomdecor 
72,7478023353614339374,theshoppingmuse,1685,6,1,3,3,0.007715,3.62,2025-03-05,"[ĐÁNH GIÁ NGÁCH]: Cạnh tranh cao với 77 video, nhưng thị trường nóng (19.8M views) nhờ xu hướng trang trí nội thất. Cơ hội cho brand mới là giải quyết nỗi sợ 'plastic' bằng chất liệu thực tế và tạo trải nghiệm setup độc đáo. | [CHIẾN LƯỢC VIDEO #72]: Natural lifestyle framing -> problem resolution -> seamless product showcase. | [TÂM LÝ KHÁCH]: Emotional connection to cozy living, relieving maintenance anxiety (no watering, no dying plants). (Khán giả phản hồi thực tế: Phân tích từ 1 bình luận thực tế: 100.0% người xem có ý định mua (hỏi link, hỏi chậu, hỏi giá). 0.0% có thắc mắc/nghi ngại về độ chân thực hoặc kích thước.)",Curiosity / Lifestyle Context Hook: Opening with 'My pretty faux olive tree is on sale!  #Fauxolivetree #homedecor #interiord...' to capture viewer attention within 3 seconds.,"Driven by 1,685 views and 3 saves (1 comments) due to high shareability and home decor reference value. | Ý định mua trong comment: 'Wow, Beautiful olive tree. What height is your olive tree?'","Emotional connection to cozy living, relieving maintenance anxiety (no watering, no dying plants). (Khán giả phản hồi thực tế: Phân tích từ 1 bình luận thực tế: 100.0% người xem có ý định mua (hỏi link, hỏi chậu, hỏi giá). 0.0% có thắc mắc/nghi ngại về độ chân thực hoặc kích thước.)",Natural lifestyle framing -> problem resolution -> seamless product showcase.,"Wow, Beautiful olive tree. What height is your olive tree?",,1,https://www.tiktok.com/@theshoppingmuse/video/7478023353614339374,My pretty faux olive tree is on sale!  #Fauxolivetree #homedecor #interiordecor #artificialplants #greenery #olivetree 
73,7683493673262124310,projectshrublands,1744,11,0,3,0,0.008028,3.56,2026-09-09,"[ĐÁNH GIÁ NGÁCH]: Cạnh tranh cao với 77 video, nhưng thị trường nóng (19.8M views) nhờ xu hướng trang trí nội thất. Cơ hội cho brand mới là giải quyết nỗi sợ 'plastic' bằng chất liệu thực tế và tạo trải nghiệm setup độc đáo. | [CHIẾN LƯỢC VIDEO #73]: Step-by-step unboxing/crafting -> satisfying reveal -> cost breakdown vs commercial alternatives. | [TÂM LÝ KHÁCH]: Taps into pride of home improvement and cost-saving ingenuity; viewers trust creators who build with their hands.",DIY Craftsmanship / Process Hook: Opening with 'Gorgeous faux Olive Tree - 6ft! I love this so much! The white container is...' to capture viewer attention within 3 seconds.,"Driven by 1,744 views and 3 saves (0 comments) due to high shareability and home decor reference value.",Taps into pride of home improvement and cost-saving ingenuity; viewers trust creators who build with their hands.,Step-by-step unboxing/crafting -> satisfying reveal -> cost breakdown vs commercial alternatives.,,,0,https://www.tiktok.com/@projectshrublands/video/7683493673262124310,Gorgeous faux Olive Tree - 6ft! I love this so much! The white container is not included. #olivetree #homedecor  #fakeplants #tiktokmademebuylt #home 
74,7442527642026298654,vivatrees,10900,14,1,8,5,0.002569,3.41,2024-11-29,"[ĐÁNH GIÁ NGÁCH]: Cạnh tranh cao với 77 video, nhưng thị trường nóng (19.8M views) nhờ xu hướng trang trí nội thất. Cơ hội cho brand mới là giải quyết nỗi sợ 'plastic' bằng chất liệu thực tế và tạo trải nghiệm setup độc đáo. | [CHIẾN LƯỢC VIDEO #74]: Natural lifestyle framing -> problem resolution -> seamless product showcase. | [TÂM LÝ KHÁCH]: Emotional connection to cozy living, relieving maintenance anxiety (no watering, no dying plants).",Curiosity / Lifestyle Context Hook: Opening with 'What???!!! It's a FAKE tree! 😮🤩 #FauxOliveTree #olivetree #homeupgrade #Hol...' to capture viewer attention within 3 seconds.,"Driven by 10,900 views and 8 saves (1 comments) due to high shareability and home decor reference value.","Emotional connection to cozy living, relieving maintenance anxiety (no watering, no dying plants).",Natural lifestyle framing -> problem resolution -> seamless product showcase.,,,0,https://www.tiktok.com/@vivatrees/video/7442527642026298654,What???!!! It's a FAKE tree! 😮🤩 #FauxOliveTree #olivetree #homeupgrade #HolidayDecor #fauxplants
75,7676372927910120735,chenga624,138,0,0,0,0,0.0,0.03,2026-08-21,"[ĐÁNH GIÁ NGÁCH]: Cạnh tranh cao với 77 video, nhưng thị trường nóng (19.8M views) nhờ xu hướng trang trí nội thất. Cơ hội cho brand mới là giải quyết nỗi sợ 'plastic' bằng chất liệu thực tế và tạo trải nghiệm setup độc đáo. | [CHIẾN LƯỢC VIDEO #75]: Natural lifestyle framing -> problem resolution -> seamless product showcase. | [TÂM LÝ KHÁCH]: Emotional connection to cozy living, relieving maintenance anxiety (no watering, no dying plants).","Curiosity / Lifestyle Context Hook: Opening with 'Girls,l’m totally smitten by this indoor faux olive tree 💕✨🫒✨#livingroomdec...' to capture viewer attention within 3 seconds.",Driven by 138 views and 0 saves (0 comments) due to high shareability and home decor reference value.,"Emotional connection to cozy living, relieving maintenance anxiety (no watering, no dying plants).",Natural lifestyle framing -> problem resolution -> seamless product showcase.,,,0,https://www.tiktok.com/@chenga624/video/7676372927910120735,"Girls,l’m totally smitten by this indoor faux olive tree 💕✨🫒✨#livingroomdecor #olivetreedecor #interior#fauxolivetree #homeinterior "
76,7506347864138861844,,0,0,0,0,0,0.0,0.0,2026-09-15,"[ĐÁNH GIÁ NGÁCH]: Cạnh tranh cao với 77 video, nhưng thị trường nóng (19.8M views) nhờ xu hướng trang trí nội thất. Cơ hội cho brand mới là giải quyết nỗi sợ 'plastic' bằng chất liệu thực tế và tạo trải nghiệm setup độc đáo. | [CHIẾN LƯỢC VIDEO #76]: Natural lifestyle framing -> problem resolution -> seamless product showcase. | [TÂM LÝ KHÁCH]: Emotional connection to cozy living, relieving maintenance anxiety (no watering, no dying plants). (Khán giả phản hồi thực tế: Phân tích từ 100 bình luận thực tế: 15.0% người xem có ý định mua (hỏi link, hỏi chậu, hỏi giá). 1.0% có thắc mắc/nghi ngại về độ chân thực hoặc kích thước.)",Curiosity / Lifestyle Context Hook: Opening with '...' to capture viewer attention within 3 seconds.,"Driven by 0 views and 0 saves (0 comments) due to high shareability and home decor reference value. | Ý định mua trong comment: 'Ano po Size nyan mii?, San mo nbili yng pot mo sis. Mas ok yng gamit mo kesa sa kasama e, Ganda buy ako nyan😇😍' & Rào cản/lo lắng: 'ang ganda nang quality'","Emotional connection to cozy living, relieving maintenance anxiety (no watering, no dying plants). (Khán giả phản hồi thực tế: Phân tích từ 100 bình luận thực tế: 15.0% người xem có ý định mua (hỏi link, hỏi chậu, hỏi giá). 1.0% có thắc mắc/nghi ngại về độ chân thực hoặc kích thước.)",Natural lifestyle framing -> problem resolution -> seamless product showcase.,Ano po Size nyan mii?; San mo nbili yng pot mo sis. Mas ok yng gamit mo kesa sa kasama e; Ganda buy ako nyan😇😍; Saan po nbili pot mo mam pa notice po,ang ganda nang quality,100,https://www.tiktok.com/@shann_go/video/7506347864138861844,
77,7667011123551456519,,0,0,0,0,0,0.0,0.0,2026-09-15,"[ĐÁNH GIÁ NGÁCH]: Cạnh tranh cao với 77 video, nhưng thị trường nóng (19.8M views) nhờ xu hướng trang trí nội thất. Cơ hội cho brand mới là giải quyết nỗi sợ 'plastic' bằng chất liệu thực tế và tạo trải nghiệm setup độc đáo. | [CHIẾN LƯỢC VIDEO #77]: Natural lifestyle framing -> problem resolution -> seamless product showcase. | [TÂM LÝ KHÁCH]: Emotional connection to cozy living, relieving maintenance anxiety (no watering, no dying plants). (Khán giả phản hồi thực tế: Phân tích từ 20 bình luận thực tế: 10.0% người xem có ý định mua (hỏi link, hỏi chậu, hỏi giá). 0.0% có thắc mắc/nghi ngại về độ chân thực hoặc kích thước.)",Curiosity / Lifestyle Context Hook: Opening with '...' to capture viewer attention within 3 seconds.,"Driven by 0 views and 0 saves (0 comments) due to high shareability and home decor reference value. | Ý định mua trong comment: 'Order ako later, Pot from?'","Emotional connection to cozy living, relieving maintenance anxiety (no watering, no dying plants). (Khán giả phản hồi thực tế: Phân tích từ 20 bình luận thực tế: 10.0% người xem có ý định mua (hỏi link, hỏi chậu, hỏi giá). 0.0% có thắc mắc/nghi ngại về độ chân thực hoặc kích thước.)",Natural lifestyle framing -> problem resolution -> seamless product showcase.,Order ako later; Pot from?,,20,https://www.tiktok.com/@wynnontiktok/video/7667011123551456519,
